order_id,seller_id,product_id,fc_id,order_date,promised_delivery_date,actual_delivery_date,order_status,order_value,is_quick_commerce,payment_method
102-2639436-9116057,39,3,19,"2026-01-31 09:13:01",2026-02-03,2026-02-05,Delivered,487.15,0,COD
102-6370943-9786776,4,11,11,"2026-08-24 02:25:01",2026-08-31,2026-09-03,Delivered,447.00,0,COD
103-2017146-5967617,17,9,29,"2026-03-30 12:27:01",2026-04-06,2026-04-09,Delivered,6597.00,0,UPI
105-5874356-7221367,34,2,27,"2026-08-18 11:04:01",2026-08-23,NULL,Shipped,105786.08,1,UPI
106-4650522-1047346,33,1,22,"2026-05-07 14:05:01",2026-05-14,2026-05-17,Delivered,32598.22,0,UPI
107-1751029-4517750,29,7,19,"2026-08-14 09:01:01",2026-08-19,NULL,In_Transit,1197.00,0,Credit_Card
108-1686051-4188399,22,14,19,"2026-06-30 08:25:01",2026-07-05,2026-07-07,Delivered,1751.00,0,Wallet
108-1981522-5667115,11,16,2,"2026-08-25 10:31:01",2026-08-28,2026-08-29,Delivered,12999.00,0,Debit_Card
108-6714661-2327340,34,15,3,"2026-06-29 12:22:01",2026-06-30,2026-06-30,Delivered,3398.00,1,UPI
109-7213004-4765839,1,18,6,"2026-07-04 23:38:01",2026-07-06,2026-07-07,Delivered,599.00,0,COD
110-3968647-6529490,4,12,18,"2026-06-30 14:24:01",2026-07-03,NULL,Shipped,67999.00,0,Debit_Card
112-6655252-1905662,25,16,3,"2026-08-27 11:07:01",2026-08-29,NULL,Cancelled,25998.00,0,Wallet
112-8117493-9209215,8,5,14,"2026-08-28 17:23:01",2026-09-04,2026-09-04,Delivered,8499.00,0,Credit_Card
113-6004307-7623642,1,18,7,"2026-08-22 04:39:01",2026-08-29,2026-08-30,Delivered,1797.00,0,UPI
114-3746511-5309602,20,20,11,"2026-05-17 18:20:01",2026-05-19,2026-05-18,Returned,23997.00,0,Wallet
114-8748678-3320417,29,16,20,"2026-08-19 03:25:01",2026-08-26,2026-08-26,Delivered,25998.00,0,Debit_Card
114-9968664-9408282,28,13,29,"2026-08-09 06:37:01",2026-08-11,2026-08-13,Delivered,10998.00,0,Wallet
115-5072219-2897040,28,18,5,"2026-06-16 12:40:01",2026-06-23,NULL,In_Transit,599.00,0,UPI
115-9736051-8203056,4,1,29,"2026-04-02 23:01:01",2026-04-04,2026-04-07,Delivered,65196.44,0,Credit_Card
117-5238304-3652042,3,9,27,"2026-06-01 16:24:01",2026-06-06,2026-06-09,Delivered,6597.00,0,COD
118-1611897-3504338,8,3,28,"2026-07-11 11:55:01",2026-07-14,NULL,Cancelled,487.15,0,COD
118-5388014-4386835,17,20,17,"2026-08-01 05:58:01",2026-08-04,NULL,In_Transit,7999.00,0,UPI
118-7599013-6454338,34,7,6,"2025-10-18 15:45:01",2025-10-25,2025-10-28,Delivered,1197.00,0,UPI
118-8349602-1194411,27,5,5,"2026-08-28 23:21:01",2026-09-02,2026-09-05,Delivered,16998.00,0,UPI
119-3255508-2691181,8,8,10,"2026-07-25 23:01:01",2026-07-28,NULL,Cancelled,4599.50,0,UPI
119-4395249-8387004,39,8,3,"2026-07-14 22:03:01",2026-07-21,NULL,Cancelled,13798.50,0,COD
120-4798087-1366319,38,12,1,"2026-05-08 17:44:01",2026-05-09,2026-05-09,Delivered,67999.00,0,Debit_Card
121-7024142-3473541,15,1,28,"2026-05-22 13:43:01",2026-05-27,2026-05-29,Delivered,97794.66,0,COD
121-8567890-2188755,6,6,2,"2026-05-25 08:18:01",2026-05-26,NULL,Processing,1250.75,0,UPI
122-2021726-5436461,5,3,10,"2026-08-03 04:06:01",2026-08-06,2026-08-05,Delivered,487.15,0,UPI
123-7926459-7930475,22,8,11,"2026-01-21 15:54:01",2026-01-22,2026-01-25,Delivered,9199.00,0,UPI
123-7929577-7940504,22,9,13,"2026-02-26 01:27:01",2026-03-01,2026-03-02,Delivered,2199.00,0,COD
124-7383454-5191949,9,13,13,"2026-06-28 11:09:01",2026-06-29,2026-07-02,Delivered,5499.00,0,UPI
125-7691778-6703267,38,16,4,"2026-05-22 14:39:01",2026-05-23,2026-05-22,Delivered,25998.00,0,UPI
128-4016539-6223583,36,15,1,"2026-06-13 02:51:01",2026-06-18,2026-06-20,Delivered,5097.00,0,Wallet
129-7012554-3182460,9,7,28,"2026-08-06 17:21:01",2026-08-13,2026-08-12,Delivered,399.00,0,Net_Banking
131-2293333-6521761,26,7,24,"2026-03-09 06:20:01",2026-03-14,2026-03-17,Delivered,798.00,0,Wallet
131-7535468-5745280,19,15,5,"2025-12-30 00:31:01",2025-12-31,2026-01-01,Delivered,1699.00,0,Credit_Card
131-8961269-3852743,38,15,22,"2026-05-26 22:45:01",2026-05-31,2026-05-30,Delivered,1699.00,0,COD
132-6271463-8384703,14,6,9,"2026-05-14 12:34:01",2026-05-16,2026-05-15,Delivered,3752.25,0,Net_Banking
132-6765926-1846495,22,10,19,"2026-04-07 03:43:01",2026-04-10,2026-04-09,Delivered,899.99,0,COD
133-4777275-9895697,28,9,6,"2026-04-02 13:07:01",2026-04-07,2026-04-09,Delivered,4398.00,0,UPI
136-1319655-1510489,8,15,2,"2026-08-23 18:02:01",2026-08-28,NULL,In_Transit,1699.00,0,Debit_Card
136-5827691-6057051,9,7,29,"2025-12-12 18:45:01",2025-12-14,NULL,In_Transit,399.00,0,Credit_Card
138-4631156-8988861,10,10,21,"2026-08-23 20:30:01",2026-08-28,2026-08-31,Delivered,899.99,0,Debit_Card
140-4428068-7915931,28,4,26,"2026-08-06 12:27:01",2026-08-13,2026-08-13,Delivered,6579.98,0,UPI
140-8696167-2257124,6,5,25,"2026-05-31 00:35:01",2026-06-07,2026-06-08,Delivered,8499.00,0,UPI
143-9044789-3914446,38,15,23,"2026-07-19 01:11:01",2026-07-24,NULL,Placed,1699.00,0,Debit_Card
145-6423398-8740737,20,18,28,"2026-08-25 02:04:01",2026-08-28,2026-08-29,Delivered,1797.00,0,Wallet
148-9396416-5522248,29,2,5,"2026-04-06 10:41:01",2026-04-09,2026-04-12,Delivered,158679.12,0,Credit_Card
149-5360253-3310670,34,8,13,"2026-04-10 12:12:01",2026-04-11,2026-04-10,Delivered,9199.00,0,UPI
151-4049792-5713640,25,9,12,"2026-01-13 17:04:01",2026-01-15,2026-01-15,Delivered,2199.00,1,Credit_Card
151-5260743-2747516,23,4,6,"2026-03-28 22:56:01",2026-04-04,2026-04-05,Delivered,9869.97,0,Net_Banking
151-5430280-3609540,39,20,2,"2026-07-26 01:54:01",2026-07-28,2026-07-29,Delivered,7999.00,0,Debit_Card
152-3495233-2911780,10,11,26,"2026-01-27 23:28:01",2026-01-28,NULL,In_Transit,149.00,0,Net_Banking
153-9679738-6780404,13,14,11,"2026-08-13 23:39:01",2026-08-15,2026-08-15,Delivered,2626.50,0,UPI
154-1992599-4319616,21,10,23,"2026-04-19 20:10:01",2026-04-20,2026-04-22,Delivered,899.99,0,Debit_Card
159-7713027-5776202,17,10,6,"2026-04-13 03:47:01",2026-04-14,NULL,Cancelled,899.99,1,COD
160-8697459-1680962,33,17,22,"2026-07-08 14:52:01",2026-07-09,2026-07-11,Returned,649.00,0,UPI
161-1627155-2280053,21,2,27,"2026-05-28 15:01:01",2026-05-30,2026-06-02,Delivered,52893.04,0,UPI
161-1965465-3967625,14,13,8,"2026-06-16 02:05:01",2026-06-19,2026-06-18,Delivered,10998.00,0,Credit_Card
161-3997314-5152778,13,4,25,"2026-04-14 21:14:01",2026-04-15,2026-04-18,Delivered,9869.97,0,UPI
161-6668071-9497000,34,7,4,"2026-01-30 06:37:01",2026-02-01,2026-02-01,Delivered,399.00,0,UPI
162-4950474-9891672,25,4,26,"2026-06-07 12:54:01",2026-06-12,2026-06-15,Returned,3289.99,0,Credit_Card
163-8021003-7207168,5,10,1,"2026-03-04 19:20:01",2026-03-06,2026-03-06,Returned,899.99,0,UPI
167-8102837-7492729,10,1,13,"2026-08-13 12:01:01",2026-08-20,2026-08-20,Delivered,65196.44,0,UPI
167-8311696-8528490,30,5,25,"2026-06-02 12:13:01",2026-06-09,2026-06-11,Delivered,16998.00,0,UPI
167-8640883-1178136,23,15,25,"2026-08-23 12:33:01",2026-08-25,2026-08-28,Delivered,5097.00,0,Net_Banking
168-6712906-9501501,33,6,25,"2026-05-16 18:30:01",2026-05-19,2026-05-20,Delivered,3752.25,0,Credit_Card
168-8736849-1637536,32,14,29,"2025-10-20 05:31:01",2025-10-25,2025-10-28,Delivered,875.50,0,Net_Banking
169-4820403-9015101,8,5,18,"2026-07-07 19:14:01",2026-07-14,2026-07-16,Delivered,25497.00,0,UPI
170-5590846-3832225,2,6,7,"2026-05-03 21:58:01",2026-05-06,NULL,Cancelled,1250.75,1,Wallet
173-1497209-1271141,40,17,7,"2026-07-11 07:49:01",2026-07-14,2026-07-14,Delivered,1947.00,0,Debit_Card
173-5631705-3940191,4,10,3,"2026-03-05 01:13:01",2026-03-08,2026-03-07,Delivered,1799.98,0,Credit_Card
174-5662502-4069526,7,15,7,"2026-02-22 05:42:01",2026-03-01,2026-03-03,Delivered,1699.00,0,Net_Banking
174-6737595-9448612,32,2,4,"2026-06-02 19:19:01",2026-06-04,2026-06-05,Delivered,52893.04,0,Debit_Card
175-5736432-4412354,13,9,9,"2026-08-12 04:05:01",2026-08-17,2026-08-17,Delivered,2199.00,0,UPI
177-5802651-4696066,19,1,24,"2026-08-22 07:03:01",2026-08-23,2026-08-26,Delivered,65196.44,0,Credit_Card
179-6572428-8481259,12,1,4,"2026-07-04 20:44:01",2026-07-07,2026-07-10,Delivered,32598.22,0,Credit_Card
180-1202168-8601101,7,5,22,"2026-08-21 10:30:01",2026-08-24,2026-08-27,Delivered,16998.00,0,UPI
180-9401561-4597303,8,16,11,"2026-08-20 17:29:01",2026-08-23,2026-08-26,Delivered,25998.00,0,UPI
181-5464958-2878395,23,4,3,"2026-01-26 15:35:01",2026-01-29,2026-01-29,Delivered,6579.98,1,UPI
182-6519099-8115348,5,4,19,"2026-08-28 10:54:01",2026-08-31,2026-09-03,Delivered,3289.99,0,Credit_Card
183-2855807-7788757,7,11,2,"2026-03-27 03:59:01",2026-03-28,2026-03-30,Delivered,298.00,0,UPI
183-4326658-6129116,30,20,22,"2026-04-17 12:43:01",2026-04-22,NULL,Processing,7999.00,1,Net_Banking
183-8026703-6637909,32,2,29,"2026-04-11 02:45:01",2026-04-12,2026-04-15,Delivered,52893.04,0,UPI
184-2786281-7405221,39,14,15,"2026-08-21 02:05:01",2026-08-23,NULL,Shipped,875.50,0,Wallet
186-1655175-1674947,7,12,10,"2026-01-16 04:34:01",2026-01-18,2026-01-18,Delivered,67999.00,1,UPI
186-1776805-2274384,18,17,22,"2026-07-25 04:19:01",2026-07-28,2026-07-29,Delivered,1298.00,0,UPI
188-9498758-4833491,12,5,5,"2026-07-30 00:42:01",2026-07-31,2026-08-01,Delivered,8499.00,0,UPI
189-9584246-5238477,20,2,23,"2026-03-29 10:14:01",2026-04-03,NULL,Cancelled,105786.08,0,Wallet
190-5955128-5065763,25,14,17,"2026-03-16 15:27:01",2026-03-18,2026-03-21,Delivered,875.50,0,Wallet
191-3025043-8384254,18,14,3,"2026-03-27 09:09:01",2026-04-03,2026-04-04,Delivered,1751.00,0,Wallet
191-7758548-5062258,1,14,10,"2026-01-31 14:34:01",2026-02-03,2026-02-04,Delivered,875.50,0,UPI
192-3002575-8233527,15,7,20,"2026-06-30 00:09:01",2026-07-07,2026-07-07,Delivered,1197.00,0,Credit_Card
192-9927873-6863415,12,10,13,"2026-04-27 16:29:01",2026-04-29,NULL,Cancelled,1799.98,0,UPI
193-3089589-8653589,23,5,14,"2026-02-18 13:57:01",2026-02-21,2026-02-23,Delivered,8499.00,0,COD
193-3975280-4067602,29,11,17,"2026-08-12 00:33:01",2026-08-19,2026-08-22,Delivered,447.00,0,Credit_Card
194-3292608-9614578,1,5,4,"2026-08-07 02:07:01",2026-08-08,NULL,In_Transit,8499.00,0,UPI
194-9815110-6248113,40,3,22,"2026-06-26 06:34:01",2026-07-01,2026-06-30,Delivered,487.15,0,Net_Banking
198-6893041-9521684,31,1,22,"2026-08-19 12:09:01",2026-08-21,NULL,Placed,32598.22,0,COD
198-8748949-9778910,12,11,25,"2026-06-22 20:46:01",2026-06-24,2026-06-27,Delivered,149.00,0,Debit_Card
199-4097345-4506244,37,9,9,"2026-07-24 13:33:01",2026-07-27,NULL,Placed,4398.00,0,Net_Banking
200-6456834-7268355,27,5,5,"2026-08-10 15:19:01",2026-08-17,2026-08-17,Delivered,8499.00,0,UPI
201-4409721-5991744,26,11,20,"2026-05-23 20:46:01",2026-05-25,2026-05-27,Returned,447.00,0,COD
202-5232508-1097003,26,4,29,"2026-04-22 04:26:01",2026-04-23,2026-04-22,Delivered,3289.99,0,Net_Banking
202-6044653-5136416,25,15,20,"2026-08-17 17:38:01",2026-08-20,2026-08-23,Delivered,3398.00,0,Debit_Card
202-6242022-6132920,5,17,22,"2026-08-19 00:58:01",2026-08-26,2026-08-28,Delivered,649.00,0,UPI
204-6170252-5711036,36,18,24,"2026-07-07 22:15:01",2026-07-08,2026-07-10,Returned,599.00,0,COD
205-2682248-6232992,14,20,27,"2026-02-15 09:35:01",2026-02-22,2026-02-22,Returned,23997.00,1,Debit_Card
206-9390699-3749919,30,15,15,"2026-06-11 10:04:01",2026-06-14,2026-06-13,Delivered,5097.00,0,UPI
207-3810479-2825953,4,16,20,"2025-10-07 04:00:01",2025-10-08,2025-10-11,Returned,12999.00,0,COD
208-4839216-7947358,24,12,6,"2026-08-20 06:32:01",2026-08-25,2026-08-24,Delivered,203997.00,0,COD
209-6765003-8537772,11,17,9,"2026-07-28 07:14:01",2026-07-30,2026-08-02,Delivered,649.00,0,Wallet
210-1194091-7665074,26,20,27,"2025-12-19 08:03:01",2025-12-21,2025-12-23,Delivered,7999.00,0,Credit_Card
211-8626684-8787264,32,7,8,"2026-08-20 12:27:01",2026-08-27,2026-08-26,Returned,798.00,0,UPI
212-1199924-7638296,25,18,18,"2026-05-09 06:44:01",2026-05-16,NULL,In_Transit,599.00,0,Net_Banking
213-6913101-9166756,23,3,25,"2025-11-10 21:49:01",2025-11-12,2025-11-14,Delivered,487.15,0,Debit_Card
214-5215910-9642969,16,3,10,"2026-07-20 12:23:01",2026-07-22,NULL,Shipped,974.30,0,UPI
214-9140378-2256594,40,11,17,"2026-05-11 02:50:01",2026-05-16,NULL,Cancelled,149.00,0,UPI
215-3546465-1274162,13,9,7,"2026-04-17 23:53:01",2026-04-18,2026-04-17,Delivered,6597.00,0,Credit_Card
217-4392479-5450938,14,5,4,"2025-11-26 19:15:01",2025-12-01,2025-11-30,Delivered,16998.00,0,Wallet
217-5298245-9967642,22,16,5,"2026-05-18 14:44:01",2026-05-25,NULL,Shipped,12999.00,0,COD
217-8308648-7003608,36,10,23,"2026-05-31 18:27:01",2026-06-05,NULL,Shipped,899.99,0,Credit_Card
218-2494022-4911854,28,2,10,"2026-07-10 15:42:01",2026-07-11,NULL,In_Transit,158679.12,0,Credit_Card
218-5179472-9334683,10,9,10,"2026-08-16 12:34:01",2026-08-18,2026-08-17,Delivered,6597.00,0,UPI
219-5682376-2830147,19,14,29,"2026-03-08 19:06:01",2026-03-11,2026-03-12,Delivered,875.50,0,COD
219-6525741-7057475,21,12,13,"2026-08-05 11:46:01",2026-08-07,2026-08-10,Delivered,67999.00,0,COD
219-8076486-5800341,13,19,23,"2026-08-08 01:53:01",2026-08-11,2026-08-13,Delivered,2899.00,0,Credit_Card
220-8912779-9939512,14,14,10,"2026-05-22 19:52:01",2026-05-27,NULL,Shipped,875.50,1,Credit_Card
221-6826992-8476053,9,12,6,"2026-07-14 14:11:01",2026-07-17,2026-07-18,Delivered,135998.00,0,Wallet
221-7129330-9992816,39,16,29,"2026-02-07 16:51:01",2026-02-09,2026-02-08,Delivered,12999.00,0,COD
222-3146890-8045443,8,13,19,"2026-08-23 21:25:01",2026-08-25,2026-08-24,Delivered,10998.00,0,COD
223-4188308-4232285,30,12,22,"2026-04-10 11:04:01",2026-04-15,2026-04-15,Delivered,67999.00,0,Debit_Card
227-1974049-2034876,11,19,23,"2026-07-21 10:22:01",2026-07-28,2026-07-27,Delivered,2899.00,0,UPI
227-2247328-3418906,38,17,12,"2026-03-30 04:16:01",2026-04-04,2026-04-05,Delivered,649.00,0,Debit_Card
227-3715414-1753035,21,7,2,"2026-08-25 03:35:01",2026-08-26,2026-08-26,Delivered,399.00,0,UPI
228-7150266-9900614,36,11,25,"2026-08-09 12:32:01",2026-08-12,2026-08-11,Delivered,298.00,0,COD
228-7200235-1134535,1,20,28,"2026-08-27 00:44:01",2026-09-03,NULL,Cancelled,23997.00,0,COD
229-1028897-6266509,37,17,11,"2026-04-06 05:38:01",2026-04-07,2026-04-06,Delivered,649.00,0,UPI
229-2528526-4764039,24,14,16,"2026-03-18 06:58:01",2026-03-21,2026-03-24,Delivered,2626.50,0,Wallet
229-3487079-9547482,37,15,29,"2026-05-14 14:57:01",2026-05-19,NULL,Placed,1699.00,0,Credit_Card
230-1568687-8927536,9,9,15,"2026-06-21 19:51:01",2026-06-26,2026-06-27,Delivered,4398.00,0,Wallet
230-9637593-4284207,38,13,10,"2026-03-10 15:53:01",2026-03-11,2026-03-13,Delivered,5499.00,0,UPI
231-9653880-4318530,39,14,17,"2026-07-20 08:44:01",2026-07-27,NULL,Cancelled,1751.00,0,COD
232-7141452-9739806,33,3,7,"2026-01-30 16:30:01",2026-01-31,2026-02-02,Delivered,974.30,0,Net_Banking
233-2909442-6554188,18,8,19,"2025-11-17 10:12:01",2025-11-24,2025-11-27,Delivered,4599.50,0,COD
234-6674404-7350988,26,2,13,"2026-04-29 18:21:01",2026-04-30,NULL,Shipped,52893.04,0,UPI
235-3716476-1506143,16,15,13,"2026-01-15 13:09:01",2026-01-18,2026-01-21,Delivered,3398.00,0,COD
235-8751545-8680430,28,18,7,"2026-07-28 16:26:01",2026-07-31,2026-08-03,Delivered,599.00,0,UPI
238-1518525-8435966,39,7,20,"2026-06-06 23:59:01",2026-06-11,2026-06-11,Delivered,399.00,0,UPI
238-2107248-2378601,16,11,13,"2026-04-15 08:08:01",2026-04-22,2026-04-22,Delivered,149.00,0,Net_Banking
238-8596652-7840509,11,2,15,"2026-08-27 13:25:01",2026-08-28,NULL,Processing,105786.08,0,Debit_Card
240-1351470-7530863,21,8,11,"2026-07-05 15:15:01",2026-07-06,2026-07-05,Delivered,4599.50,0,UPI
240-3529274-9432767,34,8,14,"2026-08-17 21:48:01",2026-08-19,2026-08-18,Delivered,13798.50,0,Credit_Card
240-6431080-5946948,38,1,12,"2025-11-11 09:32:01",2025-11-12,2025-11-13,Delivered,97794.66,0,UPI
241-3909732-2292734,30,7,9,"2026-08-06 01:05:01",2026-08-08,2026-08-08,Delivered,798.00,0,Net_Banking
241-5932591-3425120,29,15,13,"2026-08-26 22:36:01",2026-08-29,2026-09-01,Delivered,1699.00,0,Wallet
242-2794658-5689642,1,10,10,"2026-07-17 13:35:01",2026-07-19,2026-07-22,Delivered,1799.98,0,COD
242-7369709-1570992,8,16,10,"2026-08-07 05:20:01",2026-08-10,2026-08-12,Delivered,12999.00,0,Credit_Card
242-8986453-9655855,6,17,24,"2026-04-05 17:50:01",2026-04-08,2026-04-10,Delivered,649.00,0,Debit_Card
243-4046629-2939397,3,14,4,"2026-01-25 05:23:01",2026-01-27,2026-01-28,Delivered,875.50,0,UPI
246-3438342-8803837,21,1,15,"2026-05-19 18:20:01",2026-05-20,2026-05-21,Delivered,32598.22,0,Debit_Card
246-4803643-6630071,35,9,16,"2026-06-26 20:03:01",2026-07-03,2026-07-06,Delivered,2199.00,0,Credit_Card
247-1040807-5793964,26,14,9,"2026-02-19 20:34:01",2026-02-21,NULL,Cancelled,2626.50,0,COD
248-6437785-5746935,33,11,7,"2026-03-03 15:37:01",2026-03-06,2026-03-07,Returned,447.00,0,Credit_Card
249-7262927-9831297,33,3,9,"2026-08-28 22:53:01",2026-08-29,2026-08-31,Delivered,487.15,0,COD
250-6000535-3490907,29,16,19,"2026-05-07 10:55:01",2026-05-09,2026-05-09,Delivered,38997.00,0,Net_Banking
250-8650875-7750174,8,15,5,"2026-03-13 09:21:01",2026-03-20,2026-03-22,Delivered,1699.00,0,UPI
251-2026918-1589161,40,15,20,"2026-08-10 11:34:01",2026-08-11,2026-08-14,Delivered,3398.00,0,Credit_Card
252-2385057-3364537,35,10,24,"2026-04-28 16:47:01",2026-05-03,NULL,In_Transit,899.99,0,UPI
255-1316482-6906710,8,19,1,"2026-04-12 06:43:01",2026-04-19,NULL,In_Transit,2899.00,0,Debit_Card
255-4031495-2480771,33,12,12,"2026-07-30 05:40:01",2026-07-31,NULL,Placed,203997.00,0,UPI
255-9143094-1063078,13,12,28,"2026-08-28 22:53:01",2026-08-29,NULL,Cancelled,67999.00,0,Credit_Card
255-9821078-4454627,40,15,23,"2026-01-08 22:03:01",2026-01-09,2026-01-10,Delivered,5097.00,0,Debit_Card
256-3811332-1361255,11,4,6,"2026-07-08 03:10:01",2026-07-09,2026-07-12,Delivered,3289.99,0,COD
256-8634193-7462615,2,2,7,"2026-08-28 14:22:01",2026-08-31,NULL,In_Transit,105786.08,0,UPI
257-6919710-7872700,34,19,4,"2025-11-04 15:42:01",2025-11-05,2025-11-05,Delivered,2899.00,0,Credit_Card
257-7123735-8905883,15,3,16,"2026-08-07 00:02:01",2026-08-09,NULL,Cancelled,974.30,1,Credit_Card
259-2318397-2819859,23,6,16,"2026-07-10 21:33:01",2026-07-13,2026-07-14,Delivered,3752.25,0,Debit_Card
259-2590987-4168960,10,2,23,"2026-02-26 15:10:01",2026-03-03,2026-03-03,Delivered,158679.12,0,Debit_Card
259-5494627-9682988,14,15,21,"2026-08-06 09:04:01",2026-08-08,2026-08-08,Delivered,1699.00,0,COD
259-9997366-5211330,14,6,14,"2026-03-28 15:22:01",2026-03-31,NULL,Cancelled,3752.25,0,UPI
260-5236347-8369957,28,20,22,"2026-02-18 15:59:01",2026-02-23,2026-02-23,Delivered,15998.00,0,UPI
260-6373134-5057034,19,20,13,"2026-06-23 06:14:01",2026-06-24,NULL,Processing,23997.00,0,UPI
263-4850290-6332997,28,13,2,"2026-03-30 03:23:01",2026-04-01,NULL,In_Transit,5499.00,0,Debit_Card
264-7290210-9516026,26,7,23,"2026-01-06 06:13:01",2026-01-08,2026-01-09,Delivered,399.00,0,COD
265-3144471-6771811,20,11,6,"2026-07-11 04:34:01",2026-07-13,NULL,Shipped,298.00,0,COD
268-6655182-6216344,1,7,18,"2026-07-27 04:53:01",2026-08-03,2026-08-04,Delivered,1197.00,0,Credit_Card
269-1563340-7729205,23,11,27,"2026-07-13 23:58:01",2026-07-18,2026-07-17,Delivered,149.00,0,Credit_Card
269-2663941-4238779,10,3,29,"2026-05-30 16:32:01",2026-06-06,2026-06-08,Delivered,487.15,1,Wallet
270-8666699-7226319,37,9,15,"2026-08-06 10:57:01",2026-08-08,NULL,Cancelled,6597.00,0,Credit_Card
272-1172234-5678185,22,3,4,"2026-08-10 08:31:01",2026-08-11,NULL,Cancelled,487.15,0,Credit_Card
275-4215959-2806598,38,2,15,"2026-06-10 07:38:01",2026-06-12,2026-06-15,Delivered,105786.08,0,COD
276-1200461-5715878,23,4,9,"2025-10-22 05:18:01",2025-10-27,2025-10-27,Delivered,3289.99,0,Credit_Card
277-4065627-2016038,22,8,8,"2026-08-04 07:25:01",2026-08-07,2026-08-07,Delivered,9199.00,0,UPI
277-5225198-7795757,15,12,22,"2026-08-19 06:46:01",2026-08-24,2026-08-26,Delivered,135998.00,0,Credit_Card
278-2585788-3573795,37,13,16,"2026-07-27 08:52:01",2026-07-30,2026-07-31,Delivered,5499.00,0,COD
279-2875922-4998955,24,13,14,"2026-07-29 09:23:01",2026-08-05,2026-08-04,Delivered,16497.00,0,UPI
279-7413911-9694611,28,12,22,"2026-08-25 13:54:01",2026-08-30,2026-08-31,Delivered,67999.00,0,UPI
279-7967649-3441511,2,8,20,"2026-07-01 00:25:01",2026-07-06,2026-07-06,Delivered,4599.50,0,Credit_Card
280-5375263-8453191,28,19,18,"2026-08-28 03:18:01",2026-08-31,NULL,In_Transit,2899.00,0,Net_Banking
282-1746586-8249672,32,10,2,"2025-11-26 14:10:01",2025-11-29,2025-11-30,Delivered,899.99,0,Net_Banking
282-9444198-1757204,25,16,2,"2026-08-26 12:51:01",2026-08-27,2026-08-26,Delivered,12999.00,0,UPI
285-3017508-5526561,34,15,29,"2026-07-18 12:34:01",2026-07-20,NULL,Processing,1699.00,0,COD
285-4335855-3118238,3,13,26,"2026-05-20 09:59:01",2026-05-27,2026-05-27,Delivered,5499.00,0,UPI
285-5686546-9875758,15,18,10,"2025-12-06 17:36:01",2025-12-13,2025-12-12,Delivered,599.00,0,Debit_Card
285-9962342-4245088,33,20,16,"2026-03-06 03:18:01",2026-03-09,2026-03-11,Returned,7999.00,0,COD
286-8044972-3628263,5,14,3,"2026-06-26 06:28:01",2026-06-27,2026-06-29,Delivered,875.50,1,COD
288-1342202-6049931,28,16,24,"2026-01-29 06:39:01",2026-01-30,2026-01-30,Delivered,12999.00,0,UPI
289-3875433-9699632,35,10,22,"2026-08-03 09:25:01",2026-08-08,NULL,Cancelled,899.99,0,UPI
289-6067307-2653437,10,12,9,"2026-04-29 07:35:01",2026-05-02,2026-05-05,Delivered,135998.00,0,Credit_Card
290-5043670-6490536,29,14,9,"2026-06-20 02:09:01",2026-06-21,2026-06-24,Delivered,875.50,0,UPI
290-7757590-2075182,14,8,24,"2025-10-24 12:02:01",2025-10-31,2025-10-30,Delivered,4599.50,0,Net_Banking
293-5177128-7081832,40,19,17,"2026-07-25 20:14:01",2026-08-01,NULL,Shipped,5798.00,0,Credit_Card
294-5022618-6277594,24,4,7,"2026-05-13 21:59:01",2026-05-15,2026-05-15,Delivered,3289.99,0,Wallet
295-1099624-4629271,40,15,17,"2026-07-20 08:53:01",2026-07-22,NULL,Shipped,3398.00,0,UPI
296-1325134-5737755,21,1,19,"2026-08-28 22:49:01",2026-08-30,NULL,Shipped,32598.22,0,UPI
300-4092269-1456202,9,20,5,"2026-02-23 00:35:01",2026-02-28,2026-02-28,Delivered,23997.00,0,COD
302-2959781-4733265,17,18,2,"2026-02-20 04:01:01",2026-02-27,2026-02-26,Delivered,599.00,0,UPI
302-6063078-2236310,40,12,27,"2026-03-26 20:08:01",2026-03-28,NULL,Cancelled,135998.00,0,COD
302-9914109-3505281,17,6,3,"2026-04-20 08:03:01",2026-04-22,2026-04-24,Delivered,1250.75,0,Credit_Card
305-4368014-2682608,33,10,2,"2025-12-14 19:23:01",2025-12-15,NULL,Cancelled,899.99,0,COD
307-2272476-1151969,27,6,8,"2026-07-08 10:19:01",2026-07-10,NULL,Placed,1250.75,0,UPI
307-6534107-4436774,3,4,21,"2026-02-07 14:16:01",2026-02-14,2026-02-17,Delivered,9869.97,0,Net_Banking
307-8827590-6919751,28,9,3,"2026-08-03 20:02:01",2026-08-10,NULL,In_Transit,2199.00,0,COD
308-7111844-7305959,19,5,22,"2026-08-20 06:38:01",2026-08-22,2026-08-24,Delivered,25497.00,1,Debit_Card
309-1165063-4539536,37,8,5,"2026-03-29 06:58:01",2026-04-03,2026-04-03,Delivered,4599.50,0,COD
310-8547383-5415301,38,5,8,"2026-05-08 07:39:01",2026-05-10,2026-05-13,Delivered,25497.00,0,Wallet
311-2359622-1466990,33,18,28,"2026-07-02 10:45:01",2026-07-04,2026-07-05,Delivered,1797.00,0,Debit_Card
311-4702350-4158835,21,12,6,"2026-05-10 19:36:01",2026-05-11,NULL,Cancelled,67999.00,0,UPI
311-4748437-4382857,26,1,7,"2026-08-24 08:51:01",2026-08-26,2026-08-28,Delivered,32598.22,0,UPI
311-8504189-5164044,33,14,27,"2026-07-10 10:18:01",2026-07-12,2026-07-11,Delivered,2626.50,0,Credit_Card
312-4079265-1021385,40,19,19,"2026-06-27 07:02:01",2026-06-29,NULL,Placed,2899.00,1,COD
312-8513346-5199050,34,15,7,"2025-11-30 07:40:01",2025-12-02,NULL,Cancelled,1699.00,0,Debit_Card
313-2501992-2105133,5,4,19,"2026-06-08 00:42:01",2026-06-09,2026-06-11,Delivered,6579.98,1,UPI
313-8201101-3599944,2,8,19,"2026-07-31 17:07:01",2026-08-01,2026-08-04,Delivered,13798.50,0,Debit_Card
315-5660206-8830312,32,8,14,"2026-05-31 00:12:01",2026-06-03,2026-06-02,Delivered,4599.50,0,Wallet
315-5925183-1160176,18,4,17,"2026-05-23 10:15:01",2026-05-28,2026-05-29,Delivered,3289.99,0,Debit_Card
317-5376016-7359428,3,6,2,"2026-08-25 22:14:01",2026-08-26,2026-08-29,Delivered,3752.25,0,COD
318-3719726-8057486,1,15,16,"2026-06-15 20:51:01",2026-06-22,NULL,Cancelled,5097.00,0,UPI
320-2900379-3880887,39,18,14,"2026-06-12 13:09:01",2026-06-15,2026-06-16,Delivered,599.00,0,COD
320-4373437-2261554,24,10,17,"2026-04-05 07:32:01",2026-04-12,NULL,Cancelled,899.99,0,Credit_Card
320-4735139-4061506,19,6,27,"2026-04-05 22:45:01",2026-04-10,2026-04-12,Delivered,3752.25,0,Net_Banking
320-8746076-6110676,11,12,5,"2026-04-20 18:34:01",2026-04-21,NULL,Processing,203997.00,0,UPI
321-8674488-5717489,3,15,15,"2026-07-29 14:24:01",2026-08-01,NULL,In_Transit,3398.00,0,Debit_Card
321-9831567-2505389,36,20,4,"2026-05-26 05:51:01",2026-05-27,2026-05-30,Delivered,7999.00,0,Net_Banking
322-6042266-1522386,25,18,16,"2026-08-12 07:24:01",2026-08-15,2026-08-16,Delivered,599.00,0,UPI
323-3039567-4503943,11,4,1,"2026-07-23 22:42:01",2026-07-30,2026-07-30,Delivered,3289.99,0,Debit_Card
324-2291715-9713349,17,3,15,"2026-08-07 18:56:01",2026-08-09,NULL,Cancelled,1461.45,0,Credit_Card
324-8976020-7154443,31,16,14,"2026-08-24 10:00:01",2026-08-29,2026-08-31,Delivered,12999.00,0,Debit_Card
325-1848577-7472260,13,9,3,"2026-05-28 13:17:01",2026-06-02,2026-06-01,Delivered,2199.00,0,Credit_Card
326-6536260-3887488,31,17,26,"2025-11-09 00:26:01",2025-11-12,NULL,Placed,649.00,1,Net_Banking
327-1597638-6169385,27,13,6,"2026-03-29 14:58:01",2026-04-03,NULL,Cancelled,16497.00,0,Credit_Card
328-5175176-6007436,16,6,7,"2026-08-27 17:13:01",2026-09-01,2026-09-04,Returned,1250.75,0,Credit_Card
328-7838372-1348762,37,10,16,"2026-05-22 03:59:01",2026-05-23,NULL,In_Transit,1799.98,0,Debit_Card
329-3401399-6108030,2,10,9,"2026-08-13 10:24:01",2026-08-20,2026-08-21,Delivered,899.99,0,Debit_Card
329-8437654-4300875,15,14,9,"2026-06-02 16:30:01",2026-06-03,2026-06-05,Delivered,1751.00,0,UPI
330-6818963-5165021,15,10,9,"2026-08-28 21:41:01",2026-09-04,2026-09-06,Delivered,899.99,0,Wallet
330-7116499-6653412,5,13,24,"2026-07-05 01:58:01",2026-07-12,2026-07-14,Delivered,10998.00,0,Debit_Card
331-3206094-5097849,22,7,3,"2026-06-11 21:48:01",2026-06-13,2026-06-12,Delivered,798.00,0,Debit_Card
333-5041238-5193526,40,11,19,"2026-08-04 23:55:01",2026-08-05,2026-08-08,Delivered,447.00,1,UPI
333-7621681-9097841,12,16,27,"2026-05-27 15:01:01",2026-05-29,2026-05-31,Delivered,38997.00,0,UPI
333-7883056-1424315,38,12,1,"2026-06-21 19:15:01",2026-06-26,NULL,In_Transit,203997.00,0,UPI
334-8736876-5663989,1,11,15,"2026-05-26 05:36:01",2026-05-28,2026-05-29,Delivered,298.00,0,UPI
335-8004868-1967571,9,14,25,"2026-08-18 02:51:01",2026-08-23,NULL,Cancelled,1751.00,0,UPI
336-1487487-5340886,10,16,8,"2026-04-23 03:32:01",2026-04-25,NULL,In_Transit,38997.00,0,Credit_Card
337-3588026-6813817,15,18,12,"2026-08-21 02:10:01",2026-08-28,NULL,In_Transit,599.00,0,Credit_Card
338-2614648-1908280,39,11,22,"2026-08-03 17:48:01",2026-08-10,2026-08-12,Delivered,447.00,0,UPI
338-6166815-1667351,26,1,5,"2026-08-05 09:57:01",2026-08-06,NULL,Shipped,32598.22,0,Credit_Card
338-7611514-8896771,8,6,26,"2026-03-20 20:20:01",2026-03-22,2026-03-22,Delivered,2501.50,0,COD
340-2879983-3188405,24,5,10,"2026-01-24 06:50:01",2026-01-26,2026-01-26,Delivered,16998.00,0,Net_Banking
340-5474869-7146482,37,12,2,"2026-02-06 01:45:01",2026-02-07,2026-02-10,Delivered,67999.00,0,Debit_Card
342-4376760-1603386,9,17,18,"2026-05-09 01:51:01",2026-05-12,2026-05-15,Delivered,649.00,0,UPI
342-7882811-1152589,32,19,4,"2026-03-10 06:26:01",2026-03-12,2026-03-12,Delivered,8697.00,0,COD
343-1695401-6169526,26,10,14,"2026-07-19 21:14:01",2026-07-26,2026-07-26,Delivered,2699.97,0,Credit_Card
343-3558270-6490831,8,4,6,"2026-02-25 08:27:01",2026-02-28,2026-03-02,Delivered,9869.97,0,UPI
343-6915801-5264441,16,12,19,"2026-06-21 02:11:01",2026-06-28,NULL,Cancelled,203997.00,0,Wallet
343-7139676-6380271,38,19,23,"2026-08-27 11:24:01",2026-08-28,2026-08-28,Delivered,2899.00,0,Credit_Card
344-2345694-9384216,9,6,19,"2026-08-12 08:50:01",2026-08-15,2026-08-16,Delivered,2501.50,0,Net_Banking
345-7623790-8766723,5,19,12,"2026-07-03 11:11:01",2026-07-04,2026-07-05,Delivered,2899.00,0,UPI
347-7999087-1558408,40,14,17,"2025-12-05 00:39:01",2025-12-07,2025-12-08,Delivered,875.50,0,Net_Banking
348-4397486-1528318,7,13,20,"2026-08-10 09:57:01",2026-08-11,2026-08-14,Delivered,10998.00,0,Debit_Card
349-1339819-4217227,27,6,14,"2026-04-19 00:03:01",2026-04-21,2026-04-23,Returned,1250.75,0,UPI
352-5064810-4740172,29,8,20,"2026-08-07 07:49:01",2026-08-10,2026-08-11,Delivered,4599.50,0,Wallet
352-6123217-1029360,13,11,22,"2026-08-20 15:47:01",2026-08-25,2026-08-28,Delivered,447.00,0,COD
353-5054874-4664182,28,4,28,"2026-07-30 09:51:01",2026-08-02,2026-08-05,Delivered,3289.99,0,UPI
354-3075166-3734109,34,5,19,"2026-04-03 13:47:01",2026-04-06,2026-04-06,Delivered,8499.00,0,UPI
355-1230169-3473194,12,14,13,"2026-08-19 18:04:01",2026-08-22,2026-08-21,Delivered,875.50,0,UPI
355-4672235-2707996,29,2,3,"2026-07-16 22:25:01",2026-07-18,2026-07-17,Delivered,52893.04,0,UPI
355-7086955-5759854,25,10,18,"2026-02-16 14:34:01",2026-02-21,2026-02-20,Delivered,899.99,0,UPI
355-8773523-5206320,30,7,12,"2025-11-19 20:07:01",2025-11-22,2025-11-23,Delivered,798.00,0,Wallet
356-2028359-7458469,10,2,19,"2025-12-02 15:03:01",2025-12-04,NULL,In_Transit,158679.12,0,UPI
357-4124300-8886413,14,2,10,"2026-07-13 16:57:01",2026-07-20,2026-07-20,Delivered,105786.08,0,UPI
357-6225000-1404636,20,6,28,"2025-12-05 15:00:01",2025-12-07,2025-12-07,Delivered,1250.75,0,UPI
359-6570461-3061926,12,16,27,"2026-06-02 18:45:01",2026-06-03,2026-06-02,Delivered,25998.00,0,Wallet
360-3281007-4577490,10,19,2,"2026-06-12 16:54:01",2026-06-13,2026-06-12,Delivered,5798.00,0,UPI
361-4940338-3848489,11,8,5,"2026-02-05 13:59:01",2026-02-07,2026-02-10,Delivered,13798.50,0,Debit_Card
361-9352650-7910370,3,20,21,"2026-05-01 06:52:01",2026-05-02,NULL,Processing,23997.00,0,COD
362-4359994-9939025,34,6,21,"2025-11-01 06:53:01",2025-11-08,2025-11-11,Delivered,3752.25,0,UPI
363-7521475-7696825,22,11,26,"2026-03-31 16:31:01",2026-04-01,2026-04-04,Delivered,447.00,0,Debit_Card
365-9188187-6964920,24,19,27,"2026-07-18 08:46:01",2026-07-25,2026-07-28,Delivered,2899.00,0,Wallet
366-5181961-4904105,31,12,16,"2026-05-03 02:00:01",2026-05-10,NULL,Placed,135998.00,1,UPI
367-3200544-3988456,38,13,12,"2026-08-11 02:25:01",2026-08-18,2026-08-21,Delivered,5499.00,0,UPI
367-7424650-7097248,10,4,8,"2026-05-15 09:54:01",2026-05-17,2026-05-17,Delivered,3289.99,0,UPI
367-9842089-1195407,7,15,7,"2026-01-03 17:16:01",2026-01-05,2026-01-05,Delivered,1699.00,0,UPI
368-6339925-1633107,23,13,16,"2026-02-13 18:55:01",2026-02-15,2026-02-18,Delivered,5499.00,0,Debit_Card
369-6670191-3257714,15,2,8,"2026-08-22 12:39:01",2026-08-29,2026-09-01,Delivered,158679.12,0,Wallet
370-1493499-4351001,28,8,22,"2026-08-23 14:39:01",2026-08-24,2026-08-26,Delivered,4599.50,0,Credit_Card
370-5128516-4539122,24,16,3,"2026-08-20 20:32:01",2026-08-23,2026-08-24,Delivered,12999.00,0,Debit_Card
370-6869082-4227517,34,3,1,"2026-08-27 04:29:01",2026-09-01,2026-09-04,Delivered,1461.45,0,Debit_Card
371-3602263-5854096,34,11,5,"2026-07-27 23:50:01",2026-07-29,NULL,In_Transit,298.00,0,Net_Banking
371-6041905-9070333,33,7,7,"2026-08-01 22:44:01",2026-08-06,2026-08-09,Delivered,399.00,0,Net_Banking
371-7283040-6269672,34,9,16,"2026-03-09 15:43:01",2026-03-10,NULL,Shipped,2199.00,0,Debit_Card
374-4076543-8154526,38,8,28,"2026-03-08 13:14:01",2026-03-09,2026-03-12,Delivered,4599.50,0,COD
374-4420030-9857694,32,20,13,"2026-06-13 21:54:01",2026-06-20,NULL,Cancelled,23997.00,0,Net_Banking
374-4858020-3055028,35,12,12,"2026-06-18 22:58:01",2026-06-23,2026-06-23,Delivered,203997.00,0,UPI
375-5368303-5576126,4,19,8,"2026-06-11 23:18:01",2026-06-18,NULL,In_Transit,2899.00,0,Debit_Card
376-2107800-7242555,4,9,23,"2026-03-18 22:19:01",2026-03-23,2026-03-24,Delivered,4398.00,0,Debit_Card
377-2724743-1284883,24,17,11,"2026-06-21 21:46:01",2026-06-24,2026-06-27,Delivered,649.00,0,UPI
377-2906145-2196457,2,15,19,"2026-08-29 07:17:01",2026-08-30,NULL,Cancelled,1699.00,0,COD
379-8703120-4118075,7,16,13,"2026-03-24 05:27:01",2026-03-25,2026-03-24,Delivered,25998.00,0,Credit_Card
379-9567950-8447254,12,19,23,"2026-08-18 19:32:01",2026-08-21,2026-08-22,Delivered,2899.00,0,UPI
379-9628366-8756242,18,12,18,"2026-07-21 07:20:01",2026-07-26,2026-07-25,Delivered,67999.00,0,Credit_Card
380-2081126-6982843,39,17,7,"2026-04-11 19:17:01",2026-04-14,2026-04-13,Delivered,1298.00,0,Credit_Card
381-5742061-7272807,37,9,13,"2026-07-01 12:52:01",2026-07-08,NULL,Cancelled,2199.00,0,UPI
382-9708138-9064464,24,4,8,"2026-01-18 17:47:01",2026-01-25,2026-01-25,Delivered,6579.98,0,COD
383-1667719-4835945,37,6,18,"2026-08-22 17:40:01",2026-08-25,2026-08-28,Delivered,1250.75,0,COD
383-7205936-5530368,18,15,10,"2026-05-09 12:47:01",2026-05-11,2026-05-11,Delivered,3398.00,0,UPI
384-8316495-2042330,6,8,11,"2026-06-03 00:50:01",2026-06-06,NULL,In_Transit,13798.50,0,UPI
385-2522323-9035089,39,3,19,"2025-12-09 18:44:01",2025-12-11,2025-12-12,Delivered,487.15,0,Debit_Card
385-6923724-4067973,30,13,28,"2026-05-12 12:04:01",2026-05-17,2026-05-18,Delivered,5499.00,0,UPI
386-4209206-8439515,3,17,29,"2026-07-07 14:18:01",2026-07-12,2026-07-12,Delivered,1298.00,0,UPI
388-4531443-1004052,34,3,5,"2026-07-17 03:15:01",2026-07-22,2026-07-25,Delivered,487.15,0,Debit_Card
389-2370781-8174784,22,6,20,"2026-07-16 18:59:01",2026-07-17,2026-07-17,Delivered,1250.75,0,COD
389-3837095-6501963,5,15,8,"2026-08-19 13:59:01",2026-08-22,NULL,Processing,5097.00,0,UPI
390-4339554-8984940,13,20,24,"2026-08-21 01:36:01",2026-08-28,2026-08-30,Delivered,15998.00,0,Wallet
391-2858193-1533675,28,5,1,"2026-08-24 19:52:01",2026-08-29,2026-08-28,Delivered,16998.00,0,Wallet
392-4888913-2683027,26,13,8,"2026-05-07 01:48:01",2026-05-14,2026-05-15,Delivered,10998.00,0,COD
394-5090541-3626630,4,13,22,"2025-11-06 08:24:01",2025-11-11,2025-11-11,Delivered,16497.00,0,Net_Banking
397-2718727-9666125,10,7,26,"2026-07-04 00:50:01",2026-07-07,NULL,Cancelled,1197.00,0,UPI
397-8000448-9072885,7,2,26,"2026-08-08 19:30:01",2026-08-11,2026-08-11,Delivered,52893.04,0,Wallet
398-2171827-6899053,36,10,20,"2025-11-07 11:36:01",2025-11-08,NULL,Shipped,899.99,0,UPI
400-1423232-3087541,1,8,28,"2026-06-01 11:42:01",2026-06-06,NULL,In_Transit,13798.50,0,UPI
401-4050949-7201049,18,2,3,"2026-07-11 19:45:01",2026-07-13,2026-07-13,Delivered,158679.12,0,COD
402-7854731-8197107,29,4,21,"2026-08-29 05:29:01",2026-09-05,NULL,Cancelled,9869.97,0,UPI
403-8140726-9598416,16,3,12,"2026-01-23 21:54:01",2026-01-28,2026-01-30,Delivered,487.15,0,UPI
404-1755199-4627896,31,13,22,"2026-03-10 03:45:01",2026-03-12,2026-03-12,Delivered,16497.00,0,Wallet
406-2645241-9031685,37,18,21,"2026-05-10 18:21:01",2026-05-11,2026-05-14,Delivered,1797.00,0,Wallet
406-6151409-8567889,20,19,4,"2026-02-27 23:17:01",2026-02-28,2026-03-03,Returned,2899.00,0,COD
407-4628088-9920149,30,16,16,"2026-04-19 10:59:01",2026-04-26,2026-04-26,Delivered,38997.00,0,Net_Banking
412-1449023-2867860,36,17,13,"2026-08-17 12:10:01",2026-08-19,2026-08-20,Delivered,1298.00,0,Net_Banking
412-2070394-5969598,17,8,18,"2025-10-22 01:42:01",2025-10-24,2025-10-26,Delivered,13798.50,0,UPI
413-8254503-9881244,21,13,16,"2026-01-03 16:07:01",2026-01-10,NULL,In_Transit,10998.00,0,Wallet
415-3167318-2373434,2,15,18,"2026-07-30 13:49:01",2026-08-01,2026-08-04,Delivered,5097.00,0,UPI
416-4325307-8116960,34,18,22,"2026-08-11 02:12:01",2026-08-16,2026-08-19,Delivered,1198.00,0,UPI
417-9284620-5895813,39,4,27,"2026-07-12 12:57:01",2026-07-14,2026-07-17,Delivered,6579.98,0,Credit_Card
420-2818381-9478771,5,14,5,"2026-07-17 02:43:01",2026-07-20,NULL,Shipped,875.50,0,Wallet
420-3482930-3804607,30,15,12,"2025-11-15 11:53:01",2025-11-20,2025-11-23,Delivered,3398.00,0,UPI
420-6832281-2546928,37,2,17,"2026-06-07 17:15:01",2026-06-10,2026-06-09,Delivered,105786.08,0,COD
421-1188353-1288243,4,8,20,"2026-07-27 18:15:01",2026-07-30,2026-07-29,Delivered,4599.50,0,COD
423-6337271-8968658,26,12,29,"2026-07-31 18:27:01",2026-08-05,2026-08-05,Delivered,67999.00,0,COD
423-8807735-3334092,28,14,12,"2025-11-04 06:59:01",2025-11-07,2025-11-07,Delivered,2626.50,0,Debit_Card
423-9662586-7615514,32,15,9,"2026-06-08 05:48:01",2026-06-10,2026-06-13,Delivered,1699.00,0,UPI
424-6089828-7714201,2,19,16,"2026-07-31 03:40:01",2026-08-05,2026-08-07,Delivered,2899.00,0,Credit_Card
426-2069106-5544904,7,7,4,"2026-08-23 17:05:01",2026-08-25,2026-08-25,Delivered,399.00,0,UPI
426-9033247-4361914,8,17,17,"2026-07-26 17:58:01",2026-08-02,2026-08-03,Delivered,649.00,0,UPI
427-8726290-2812814,18,12,14,"2026-07-20 02:43:01",2026-07-23,2026-07-26,Delivered,67999.00,0,Wallet
427-9277580-5559485,31,7,13,"2026-08-26 09:53:01",2026-08-28,2026-08-29,Delivered,798.00,0,Credit_Card
430-2039362-5280833,2,15,17,"2026-05-21 11:05:01",2026-05-24,2026-05-27,Delivered,5097.00,0,Net_Banking
430-6760887-1875883,23,11,29,"2026-04-30 11:35:01",2026-05-01,2026-05-03,Returned,298.00,0,UPI
430-7169390-3917155,23,17,16,"2026-08-02 13:15:01",2026-08-09,NULL,Placed,649.00,0,COD
432-3013382-1093140,16,18,7,"2026-04-26 13:36:01",2026-04-28,NULL,In_Transit,1797.00,0,UPI
432-7797275-7006920,3,8,17,"2025-12-06 23:34:01",2025-12-11,2025-12-12,Delivered,4599.50,0,Net_Banking
434-1643172-3169083,40,5,6,"2026-07-23 21:40:01",2026-07-24,2026-07-27,Returned,8499.00,0,Credit_Card
434-7078997-3353680,12,13,8,"2026-06-06 15:10:01",2026-06-11,2026-06-14,Delivered,16497.00,0,COD
435-2554205-7693723,9,16,8,"2026-07-23 03:43:01",2026-07-26,2026-07-29,Delivered,12999.00,0,COD
436-4046393-6134999,34,10,26,"2025-11-26 03:56:01",2025-11-29,2025-11-29,Delivered,899.99,0,UPI
436-4485066-8335595,37,3,26,"2026-08-28 19:55:01",2026-08-31,2026-09-03,Delivered,487.15,0,Debit_Card
438-1842855-4048735,17,1,1,"2026-05-30 21:54:01",2026-06-04,2026-06-05,Delivered,32598.22,0,Debit_Card
438-5231735-3007584,29,18,5,"2026-07-05 03:07:01",2026-07-07,2026-07-10,Returned,599.00,0,COD
439-2446686-7033906,35,7,3,"2026-05-16 07:12:01",2026-05-19,2026-05-18,Delivered,798.00,0,COD
439-6468700-9166080,29,17,3,"2026-04-30 18:27:01",2026-05-05,2026-05-08,Delivered,1298.00,0,UPI
439-7426077-4948108,3,19,16,"2025-09-30 14:35:01",2025-10-03,NULL,Processing,5798.00,0,COD
440-3623307-3892882,30,14,9,"2026-08-19 13:38:01",2026-08-20,2026-08-21,Delivered,875.50,0,COD
440-7845669-7001584,3,6,5,"2026-04-28 22:03:01",2026-05-05,NULL,Cancelled,2501.50,0,Debit_Card
441-5198253-2742372,23,6,18,"2026-07-29 14:48:01",2026-08-01,2026-08-04,Delivered,2501.50,0,Credit_Card
441-5520713-4373305,15,15,14,"2026-08-12 10:55:01",2026-08-14,2026-08-14,Delivered,1699.00,0,Credit_Card
442-4553052-8482523,39,8,27,"2026-03-19 01:34:01",2026-03-26,2026-03-29,Delivered,13798.50,0,UPI
442-6529648-9365171,33,5,22,"2026-08-12 23:29:01",2026-08-13,NULL,In_Transit,8499.00,0,COD
443-9042354-3905433,38,14,21,"2026-05-25 04:40:01",2026-05-30,2026-05-31,Delivered,2626.50,0,UPI
444-1313112-1225551,1,1,3,"2026-07-09 16:09:01",2026-07-16,2026-07-18,Delivered,32598.22,0,Wallet
445-3845519-4855328,8,14,25,"2026-07-26 01:59:01",2026-08-02,2026-08-04,Delivered,875.50,0,Credit_Card
445-8439212-9846003,18,5,24,"2026-05-17 16:59:01",2026-05-22,2026-05-25,Delivered,16998.00,0,UPI
445-9045120-3851860,37,12,4,"2025-12-02 20:37:01",2025-12-03,2025-12-06,Delivered,203997.00,0,UPI
445-9303459-5155230,22,7,29,"2026-03-07 17:50:01",2026-03-12,2026-03-13,Delivered,1197.00,0,UPI
446-2030863-4769931,31,10,7,"2026-03-12 09:22:01",2026-03-17,2026-03-16,Delivered,2699.97,0,COD
446-3048482-9853631,10,5,13,"2026-08-12 17:22:01",2026-08-19,2026-08-18,Delivered,8499.00,0,COD
448-1467008-1883065,14,8,26,"2026-08-27 17:04:01",2026-08-29,2026-08-28,Delivered,4599.50,0,UPI
448-6031203-6702336,20,12,9,"2026-06-30 05:11:01",2026-07-02,2026-07-02,Delivered,203997.00,1,Net_Banking
448-7235432-3720628,18,6,29,"2026-06-28 14:30:01",2026-07-05,2026-07-05,Delivered,1250.75,0,UPI
449-7394446-4480678,33,18,25,"2026-01-18 09:06:01",2026-01-20,2026-01-21,Delivered,1797.00,0,UPI
449-7431825-4665784,36,5,16,"2025-10-02 13:16:01",2025-10-09,NULL,Processing,16998.00,0,Net_Banking
449-9005550-3546362,30,18,5,"2026-07-20 17:48:01",2026-07-25,NULL,Placed,1797.00,0,UPI
450-1835281-3649006,8,2,25,"2026-07-08 19:02:01",2026-07-15,2026-07-16,Delivered,52893.04,0,UPI
451-5495942-3931634,6,14,29,"2026-05-12 13:29:01",2026-05-19,2026-05-18,Delivered,875.50,0,Credit_Card
451-6793810-1429220,13,8,2,"2026-08-29 14:52:01",2026-08-30,2026-09-01,Delivered,13798.50,0,UPI
451-6818559-1552098,15,14,5,"2026-01-27 17:27:01",2026-01-30,NULL,In_Transit,2626.50,0,UPI
452-2279003-5818952,11,13,15,"2026-08-29 05:43:01",2026-09-03,2026-09-02,Delivered,5499.00,0,UPI
452-6764728-1254188,9,1,12,"2026-08-28 21:10:01",2026-08-30,NULL,Cancelled,65196.44,0,Debit_Card
453-1050727-8650782,10,13,12,"2026-08-22 20:21:01",2026-08-24,2026-08-23,Delivered,5499.00,0,UPI
453-3984617-5312364,17,12,19,"2026-06-23 02:23:01",2026-06-24,NULL,Shipped,67999.00,0,UPI
454-4041212-5570872,22,3,28,"2026-07-23 20:19:01",2026-07-26,NULL,Processing,1461.45,0,Wallet
454-4681043-8779695,4,18,4,"2026-02-27 02:44:01",2026-03-01,2026-03-03,Delivered,1198.00,0,Wallet
454-7962459-7183162,5,11,7,"2026-03-07 14:28:01",2026-03-08,2026-03-09,Returned,149.00,0,Debit_Card
455-3640187-3526387,21,16,9,"2026-08-21 21:10:01",2026-08-23,NULL,Shipped,12999.00,1,COD
457-7945758-7017472,2,3,17,"2026-03-31 06:12:01",2026-04-02,NULL,In_Transit,1461.45,0,Debit_Card
458-6261355-7566528,36,6,22,"2025-12-31 02:18:01",2026-01-02,NULL,Cancelled,3752.25,0,Wallet
460-4641740-8394596,36,1,11,"2026-04-03 02:48:01",2026-04-10,NULL,Cancelled,97794.66,0,UPI
460-9367747-5037261,19,19,8,"2026-04-25 17:14:01",2026-04-28,2026-04-29,Delivered,8697.00,0,Credit_Card
461-4493190-7615764,21,7,7,"2026-08-24 06:36:01",2026-08-27,2026-08-28,Returned,798.00,0,UPI
462-4986055-1052971,29,10,10,"2026-06-29 15:43:01",2026-06-30,NULL,Shipped,899.99,0,Wallet
462-6678852-9523250,34,8,10,"2026-05-20 12:47:01",2026-05-21,NULL,In_Transit,4599.50,0,UPI
465-5387628-2976754,26,11,21,"2026-04-26 12:16:01",2026-05-03,2026-05-06,Delivered,447.00,0,Credit_Card
465-9563971-5849377,34,12,12,"2026-07-09 12:15:01",2026-07-14,2026-07-17,Delivered,203997.00,0,UPI
467-4512019-7544856,19,3,10,"2026-08-23 00:52:01",2026-08-25,2026-08-28,Returned,1461.45,1,COD
467-8298129-8462800,29,2,8,"2026-08-23 18:48:01",2026-08-30,NULL,In_Transit,158679.12,0,UPI
468-2710565-7501994,2,1,3,"2026-07-27 05:35:01",2026-07-29,2026-07-28,Delivered,32598.22,0,UPI
471-9513216-5427190,25,13,9,"2026-08-01 22:41:01",2026-08-02,NULL,Placed,5499.00,0,Credit_Card
472-3904016-4340139,36,7,28,"2026-06-08 21:55:01",2026-06-13,2026-06-12,Delivered,1197.00,0,COD
475-6972377-1596914,14,11,15,"2026-08-29 06:29:01",2026-08-30,2026-08-31,Delivered,298.00,0,Wallet
475-8485542-9160769,2,10,8,"2026-05-15 10:52:01",2026-05-20,2026-05-19,Delivered,899.99,0,COD
477-1147206-8396500,3,17,29,"2026-06-29 08:32:01",2026-06-30,2026-07-02,Delivered,649.00,0,Wallet
477-2819077-7765602,7,11,3,"2026-08-14 02:06:01",2026-08-16,2026-08-16,Delivered,149.00,0,Debit_Card
478-8901374-2166862,1,14,11,"2025-11-14 08:23:01",2025-11-21,NULL,Shipped,875.50,0,COD
479-2685487-7043088,32,20,13,"2026-06-01 15:46:01",2026-06-06,2026-06-09,Delivered,15998.00,0,Net_Banking
479-9328854-4261501,2,2,11,"2026-07-08 15:44:01",2026-07-15,2026-07-17,Delivered,52893.04,0,Net_Banking
480-3770644-3450976,18,8,17,"2026-04-16 20:31:01",2026-04-19,2026-04-21,Delivered,13798.50,0,Net_Banking
480-4924297-9209371,11,11,26,"2026-05-12 07:07:01",2026-05-19,2026-05-20,Delivered,149.00,0,COD
480-8329452-8235524,24,10,19,"2026-02-28 09:44:01",2026-03-01,2026-03-03,Delivered,2699.97,0,Debit_Card
480-9031265-2728620,12,17,11,"2026-08-19 21:24:01",2026-08-21,2026-08-22,Delivered,1298.00,0,UPI
481-1183010-8476825,4,20,17,"2026-06-23 19:06:01",2026-06-26,2026-06-25,Delivered,23997.00,0,UPI
481-7313420-3118090,3,14,2,"2026-07-03 08:53:01",2026-07-05,2026-07-04,Returned,875.50,0,Wallet
483-1241232-8701458,8,9,16,"2026-08-06 22:46:01",2026-08-09,2026-08-08,Returned,6597.00,0,UPI
485-1898471-2941756,32,5,27,"2026-06-24 00:11:01",2026-06-29,2026-06-29,Delivered,25497.00,0,UPI
486-7743073-5113119,2,17,29,"2026-08-24 18:22:01",2026-08-31,NULL,Cancelled,1298.00,0,Net_Banking
487-7632539-4541888,31,13,22,"2026-04-16 12:31:01",2026-04-21,2026-04-24,Delivered,16497.00,0,Credit_Card
487-7998511-6368539,26,10,11,"2026-05-30 05:51:01",2026-05-31,2026-05-31,Delivered,2699.97,0,COD
489-1475090-9676063,27,9,3,"2026-06-15 01:30:01",2026-06-17,2026-06-17,Delivered,6597.00,0,Wallet
490-8687745-9723412,12,11,21,"2025-11-09 16:12:01",2025-11-12,2025-11-15,Delivered,149.00,0,UPI
491-8904754-1778462,32,15,8,"2026-08-18 05:08:01",2026-08-21,2026-08-20,Delivered,1699.00,0,Net_Banking
491-9606247-5284309,21,3,4,"2026-07-30 17:50:01",2026-08-04,2026-08-07,Delivered,487.15,0,UPI
492-1584272-1152277,36,8,10,"2026-08-11 09:57:01",2026-08-12,NULL,Processing,4599.50,0,UPI
492-8611153-9284049,3,12,19,"2026-07-06 09:36:01",2026-07-11,2026-07-14,Delivered,135998.00,0,UPI
492-8624575-9338768,4,14,4,"2026-07-22 06:22:01",2026-07-25,NULL,In_Transit,1751.00,0,Debit_Card
492-9054963-2491726,6,5,20,"2026-04-06 02:55:01",2026-04-09,2026-04-12,Delivered,25497.00,0,COD
493-1994601-3177339,36,14,20,"2026-07-29 03:54:01",2026-08-01,2026-08-03,Delivered,875.50,0,COD
493-9848648-6434089,3,11,14,"2026-06-09 11:53:01",2026-06-12,2026-06-14,Delivered,447.00,0,COD
494-1291665-8614504,6,3,7,"2026-06-04 16:54:01",2026-06-05,2026-06-06,Delivered,487.15,0,UPI
494-3798501-3168771,11,13,11,"2026-02-09 15:34:01",2026-02-14,NULL,Processing,5499.00,0,Credit_Card
496-3449881-1357461,16,16,24,"2026-01-22 05:29:01",2026-01-29,2026-01-29,Delivered,38997.00,0,UPI
496-6720453-8697254,15,6,9,"2026-06-06 23:22:01",2026-06-09,NULL,Cancelled,3752.25,0,Debit_Card
496-8194663-7081365,40,18,13,"2026-06-18 12:11:01",2026-06-19,2026-06-18,Delivered,599.00,0,Wallet
497-9695198-5555781,26,13,10,"2026-05-05 11:30:01",2026-05-10,2026-05-13,Delivered,10998.00,0,UPI
501-5691162-3411023,32,2,2,"2026-08-25 04:11:01",2026-08-26,2026-08-27,Delivered,52893.04,0,Debit_Card
501-6701694-8456281,10,15,26,"2026-06-06 16:28:01",2026-06-08,NULL,Shipped,1699.00,0,Debit_Card
502-1076994-7318334,20,7,4,"2026-08-07 09:51:01",2026-08-10,NULL,Shipped,1197.00,0,UPI
502-7324275-2543069,30,5,27,"2026-03-12 15:11:01",2026-03-15,2026-03-14,Delivered,8499.00,0,UPI
502-7991274-5873719,16,6,6,"2026-07-29 09:07:01",2026-07-30,2026-08-01,Delivered,1250.75,0,UPI
503-3061678-8190834,13,3,23,"2026-08-06 13:55:01",2026-08-11,2026-08-13,Delivered,487.15,0,Debit_Card
504-3817643-2963806,7,3,2,"2026-08-23 07:59:01",2026-08-28,2026-08-29,Delivered,1461.45,0,COD
505-3329352-9477795,38,17,12,"2026-07-03 18:06:01",2026-07-05,2026-07-08,Delivered,649.00,0,COD
507-1438535-8982628,12,16,2,"2026-06-07 02:50:01",2026-06-12,NULL,Cancelled,25998.00,0,Debit_Card
507-4052725-4044986,27,8,22,"2026-06-19 11:56:01",2026-06-22,NULL,Cancelled,4599.50,1,Wallet
509-5168870-9562045,15,20,24,"2026-07-30 00:38:01",2026-08-02,NULL,Shipped,7999.00,0,Debit_Card
511-4989001-8599463,36,19,28,"2026-08-26 10:40:01",2026-08-31,NULL,Cancelled,8697.00,0,COD
511-5587798-2591952,15,5,5,"2026-08-09 17:45:01",2026-08-10,NULL,In_Transit,25497.00,0,Credit_Card
511-7119775-1266101,5,10,27,"2026-06-13 03:17:01",2026-06-16,2026-06-18,Delivered,1799.98,0,Wallet
512-5174371-9491686,14,17,1,"2026-04-24 11:15:01",2026-04-29,2026-04-30,Delivered,1298.00,0,Wallet
512-6991951-9597622,32,1,24,"2026-04-06 14:53:01",2026-04-07,2026-04-06,Delivered,32598.22,0,COD
513-6580713-7510150,31,13,23,"2026-08-16 20:36:01",2026-08-17,2026-08-16,Delivered,10998.00,0,Credit_Card
514-7829492-4726688,32,15,8,"2026-08-07 14:36:01",2026-08-09,2026-08-08,Delivered,1699.00,0,COD
515-5681538-2956829,22,20,10,"2026-05-18 17:20:01",2026-05-19,NULL,Processing,7999.00,0,Debit_Card
517-4831604-7627854,17,17,26,"2026-01-08 16:06:01",2026-01-09,2026-01-08,Delivered,649.00,0,Wallet
519-1925780-2034101,11,20,4,"2026-08-27 18:20:01",2026-08-28,2026-08-27,Delivered,7999.00,0,UPI
519-4390684-5368344,12,1,8,"2026-07-08 05:46:01",2026-07-11,2026-07-11,Delivered,97794.66,0,Debit_Card
519-5955530-4183221,5,11,8,"2026-01-02 11:45:01",2026-01-04,2026-01-06,Delivered,447.00,0,Wallet
520-7793188-4358428,25,18,19,"2026-05-07 04:16:01",2026-05-12,2026-05-14,Delivered,1198.00,0,COD
520-8331212-7047286,37,12,3,"2026-08-07 07:16:01",2026-08-08,2026-08-07,Delivered,135998.00,0,UPI
521-3391504-9303102,33,7,4,"2026-04-04 03:29:01",2026-04-09,2026-04-08,Delivered,1197.00,0,UPI
521-5597359-2349125,9,13,16,"2026-08-15 16:04:01",2026-08-17,2026-08-19,Delivered,16497.00,0,Wallet
522-3244112-8540773,18,14,5,"2026-03-25 03:28:01",2026-03-30,2026-03-30,Delivered,1751.00,0,Debit_Card
522-3512903-9894019,5,12,14,"2026-03-31 03:29:01",2026-04-05,2026-04-05,Delivered,135998.00,0,COD
522-6080983-4740743,16,14,7,"2026-07-30 23:54:01",2026-07-31,2026-07-31,Delivered,2626.50,0,Debit_Card
522-6860166-8640129,12,19,20,"2026-07-29 23:53:01",2026-07-30,2026-08-02,Delivered,8697.00,0,Wallet
524-1557193-9047312,12,15,25,"2026-08-13 07:11:01",2026-08-16,2026-08-16,Delivered,1699.00,0,UPI
524-5487715-1709054,36,6,17,"2026-07-26 21:42:01",2026-08-02,2026-08-02,Delivered,2501.50,0,Debit_Card
524-6200441-5278290,26,16,1,"2026-03-06 18:14:01",2026-03-11,2026-03-11,Delivered,38997.00,0,Debit_Card
524-7817454-4340122,24,17,8,"2025-12-30 19:48:01",2025-12-31,2026-01-01,Delivered,1947.00,0,UPI
527-8137007-5860430,13,20,29,"2026-04-01 01:06:01",2026-04-02,NULL,Cancelled,7999.00,0,Credit_Card
528-5534871-1818213,38,9,12,"2026-03-24 17:31:01",2026-03-26,2026-03-26,Delivered,6597.00,0,Net_Banking
528-8392202-7113357,38,13,10,"2026-02-24 12:01:01",2026-03-03,2026-03-04,Delivered,5499.00,0,Debit_Card
528-8608706-8198553,19,19,6,"2026-08-02 08:32:01",2026-08-03,2026-08-05,Delivered,2899.00,0,COD
529-6470024-6465194,9,5,17,"2026-08-29 04:30:01",2026-09-03,2026-09-02,Delivered,8499.00,0,Credit_Card
529-8248168-6359073,23,1,13,"2026-08-25 16:21:01",2026-09-01,NULL,Shipped,97794.66,0,Debit_Card
530-4037112-3268275,10,10,20,"2026-03-12 21:38:01",2026-03-13,2026-03-13,Delivered,899.99,0,UPI
532-1273028-7400103,19,4,17,"2026-08-03 14:39:01",2026-08-04,2026-08-07,Delivered,9869.97,1,Credit_Card
532-7861795-4335973,23,15,26,"2026-05-22 07:45:01",2026-05-27,2026-05-26,Delivered,3398.00,0,Debit_Card
533-9308983-2532651,4,18,8,"2026-03-02 17:58:01",2026-03-09,2026-03-08,Delivered,1198.00,0,Credit_Card
534-6697626-7466669,28,7,14,"2026-04-18 01:09:01",2026-04-25,NULL,Placed,399.00,0,UPI
536-6234283-5090177,22,6,23,"2026-08-17 20:44:01",2026-08-20,2026-08-21,Delivered,1250.75,1,UPI
540-7872121-4131478,18,5,20,"2026-05-01 11:13:01",2026-05-08,2026-05-09,Delivered,8499.00,0,Credit_Card
541-2136910-2433927,17,13,24,"2026-08-05 04:42:01",2026-08-10,NULL,Processing,5499.00,0,UPI
543-2649746-4939120,26,18,14,"2026-05-09 02:05:01",2026-05-11,2026-05-14,Returned,599.00,0,Wallet
546-4374039-4487900,33,19,3,"2026-08-09 07:26:01",2026-08-11,NULL,Processing,2899.00,0,Debit_Card
546-4930591-7267231,7,16,10,"2026-05-31 04:38:01",2026-06-07,2026-06-10,Delivered,38997.00,0,Debit_Card
546-9806940-4627399,4,4,21,"2026-01-04 05:49:01",2026-01-06,2026-01-05,Delivered,9869.97,0,Net_Banking
547-6088396-4015571,40,18,15,"2025-10-04 13:08:01",2025-10-07,2025-10-08,Delivered,1198.00,0,COD
548-2349150-3297947,34,8,11,"2026-05-08 16:14:01",2026-05-11,2026-05-12,Delivered,13798.50,0,UPI
549-3100030-7022685,26,5,6,"2026-07-27 01:05:01",2026-07-29,2026-08-01,Delivered,25497.00,0,UPI
550-4193167-3448588,12,14,13,"2026-08-01 17:45:01",2026-08-02,2026-08-02,Delivered,1751.00,0,Debit_Card
550-8502749-7013225,34,4,14,"2026-08-18 13:36:01",2026-08-20,2026-08-21,Delivered,9869.97,0,Debit_Card
552-1388691-7370349,17,19,12,"2026-07-08 12:21:01",2026-07-10,2026-07-11,Delivered,5798.00,0,Debit_Card
553-9858903-4689075,4,6,29,"2026-08-01 19:42:01",2026-08-06,2026-08-05,Returned,2501.50,0,Wallet
554-3536967-9038950,25,9,8,"2026-06-22 19:04:01",2026-06-27,2026-06-28,Delivered,6597.00,0,Credit_Card
555-7217830-9409842,24,4,6,"2026-05-29 03:57:01",2026-05-31,NULL,Processing,3289.99,0,Debit_Card
556-2571734-4172351,10,3,28,"2026-08-16 12:17:01",2026-08-21,NULL,Placed,487.15,0,UPI
556-6644800-6541247,8,3,3,"2026-08-28 18:20:01",2026-08-29,2026-09-01,Delivered,487.15,0,UPI
558-2630246-4392897,14,12,25,"2026-07-10 05:29:01",2026-07-17,2026-07-20,Delivered,135998.00,0,Debit_Card
558-2742082-4943731,25,15,25,"2026-08-15 08:28:01",2026-08-17,2026-08-19,Delivered,1699.00,0,UPI
558-9061622-9538887,3,9,1,"2026-01-31 06:05:01",2026-02-07,2026-02-06,Delivered,2199.00,0,UPI
559-7665098-2539773,26,14,11,"2026-04-06 07:28:01",2026-04-07,2026-04-09,Delivered,2626.50,0,Debit_Card
560-4615646-5254823,7,8,12,"2026-07-22 17:39:01",2026-07-25,2026-07-28,Delivered,4599.50,0,COD
561-2665338-4474211,16,15,14,"2026-08-10 09:40:01",2026-08-13,NULL,In_Transit,3398.00,0,UPI
561-4501923-4657470,35,3,27,"2026-05-28 16:19:01",2026-06-04,2026-06-07,Delivered,487.15,0,COD
561-5891748-2617871,11,17,6,"2026-05-14 06:11:01",2026-05-16,2026-05-17,Delivered,1298.00,0,Credit_Card
562-3649180-9378517,31,2,1,"2026-05-28 21:54:01",2026-06-02,2026-06-02,Delivered,105786.08,0,COD
562-6059768-3413045,27,10,11,"2026-08-19 17:21:01",2026-08-26,2026-08-25,Delivered,2699.97,0,COD
565-9207075-1070853,13,10,17,"2026-05-05 23:14:01",2026-05-07,NULL,Cancelled,2699.97,0,COD
566-5339820-8705147,34,13,15,"2026-07-28 07:37:01",2026-07-31,2026-07-30,Delivered,16497.00,0,UPI
566-7747001-2744133,29,1,28,"2026-07-09 10:19:01",2026-07-11,2026-07-13,Delivered,32598.22,0,UPI
567-1738052-8667095,1,11,16,"2026-08-15 08:19:01",2026-08-22,2026-08-24,Delivered,149.00,0,UPI
567-2581918-3883606,3,9,25,"2026-06-08 09:24:01",2026-06-15,2026-06-17,Delivered,6597.00,0,UPI
567-8194057-4933433,32,13,23,"2026-04-09 12:22:01",2026-04-11,2026-04-13,Delivered,16497.00,0,COD
568-1831923-9105126,10,9,14,"2026-01-30 20:22:01",2026-01-31,NULL,Cancelled,2199.00,0,Net_Banking
568-5479848-9347345,6,19,8,"2026-05-14 02:59:01",2026-05-15,NULL,Placed,8697.00,0,COD
568-7878622-3347560,1,6,10,"2026-05-28 20:50:01",2026-05-29,2026-05-31,Delivered,1250.75,0,UPI
570-4203388-2915227,40,7,22,"2026-03-07 12:36:01",2026-03-08,2026-03-08,Delivered,1197.00,0,COD
573-5559661-9602690,11,9,11,"2026-04-16 01:58:01",2026-04-17,2026-04-16,Delivered,2199.00,0,Credit_Card
573-7261447-9115038,17,9,22,"2026-07-05 18:25:01",2026-07-12,2026-07-14,Delivered,2199.00,0,Wallet
573-8654284-7069475,33,2,28,"2026-06-29 03:28:01",2026-07-04,2026-07-07,Delivered,158679.12,0,Debit_Card
574-7711845-2327967,21,2,24,"2026-02-20 23:20:01",2026-02-27,NULL,Processing,105786.08,0,COD
576-4696252-5181766,4,2,2,"2025-10-28 11:38:01",2025-11-04,2025-11-07,Delivered,158679.12,1,UPI
576-5188747-7659457,13,6,17,"2026-06-08 15:14:01",2026-06-10,2026-06-11,Delivered,3752.25,0,COD
576-9736452-3374479,17,5,29,"2026-08-04 04:10:01",2026-08-06,2026-08-07,Delivered,8499.00,0,UPI
577-6125814-3301049,23,2,21,"2026-08-14 16:34:01",2026-08-21,NULL,Placed,52893.04,0,Net_Banking
579-4933535-6275576,25,7,25,"2026-08-03 07:25:01",2026-08-06,2026-08-05,Delivered,399.00,0,UPI
579-6148127-3352033,24,4,3,"2026-07-31 22:18:01",2026-08-05,2026-08-07,Delivered,3289.99,0,Credit_Card
580-5491563-9048638,39,4,1,"2026-05-04 08:02:01",2026-05-07,2026-05-09,Returned,9869.97,0,Debit_Card
582-7390632-9470041,24,2,16,"2026-08-07 21:12:01",2026-08-08,2026-08-11,Delivered,52893.04,0,UPI
585-6258708-3723755,31,18,6,"2026-06-24 23:36:01",2026-06-27,2026-06-26,Delivered,599.00,0,UPI
586-5873542-1783877,33,16,16,"2026-05-29 07:45:01",2026-06-05,NULL,In_Transit,12999.00,0,UPI
586-9033721-8580953,22,3,4,"2026-08-19 21:54:01",2026-08-26,2026-08-28,Delivered,487.15,0,Net_Banking
587-5425782-8490390,28,19,18,"2026-07-24 12:09:01",2026-07-26,2026-07-27,Delivered,2899.00,0,Debit_Card
588-3984438-1275250,7,14,1,"2026-08-29 00:32:01",2026-09-05,2026-09-05,Delivered,875.50,0,UPI
589-1511060-6881576,4,11,10,"2026-08-11 13:53:01",2026-08-18,2026-08-18,Delivered,149.00,1,COD
589-8350778-5068211,33,14,2,"2026-08-14 01:00:01",2026-08-19,2026-08-22,Delivered,875.50,0,UPI
590-8248891-4535292,22,12,5,"2026-08-26 17:16:01",2026-08-28,2026-08-29,Delivered,135998.00,0,COD
591-4081782-1672485,14,11,15,"2026-04-23 21:03:01",2026-04-30,NULL,Cancelled,298.00,0,Credit_Card
592-5087572-6676839,32,2,28,"2026-03-12 01:27:01",2026-03-15,2026-03-17,Delivered,158679.12,0,Net_Banking
592-8500319-5734540,6,2,29,"2026-06-14 03:01:01",2026-06-21,2026-06-22,Returned,52893.04,0,UPI
593-2244948-1427331,33,20,12,"2025-10-28 13:52:01",2025-11-04,NULL,In_Transit,7999.00,0,UPI
593-4340956-2886234,38,1,12,"2026-04-24 14:51:01",2026-04-26,2026-04-27,Delivered,65196.44,0,Net_Banking
594-6246429-3403550,24,3,27,"2026-08-04 04:55:01",2026-08-09,2026-08-12,Delivered,1461.45,0,Wallet
597-5043869-6305584,24,5,11,"2026-08-24 20:17:01",2026-08-27,2026-08-29,Delivered,8499.00,0,UPI
598-1019799-4157600,30,14,6,"2025-12-23 11:05:01",2025-12-26,2025-12-27,Delivered,1751.00,0,COD
598-2861974-4342976,10,2,19,"2025-10-23 05:11:01",2025-10-25,2025-10-24,Delivered,52893.04,0,UPI
598-9557843-1828064,25,16,29,"2026-07-11 14:10:01",2026-07-14,NULL,Cancelled,12999.00,0,Credit_Card
602-3920276-9515155,31,19,14,"2026-08-19 22:32:01",2026-08-26,2026-08-26,Delivered,8697.00,0,COD
605-4453189-3101094,1,8,25,"2026-08-25 17:15:01",2026-08-27,2026-08-29,Delivered,9199.00,0,UPI
605-7575822-9699270,26,7,18,"2026-08-05 14:45:01",2026-08-10,2026-08-10,Delivered,798.00,0,Debit_Card
606-9363159-9628160,1,4,22,"2026-08-19 01:02:01",2026-08-22,2026-08-23,Delivered,3289.99,0,UPI
606-9704875-2322111,34,15,4,"2026-04-29 03:36:01",2026-05-06,2026-05-05,Delivered,3398.00,0,Credit_Card
607-9119063-8356198,16,10,4,"2026-07-15 03:04:01",2026-07-18,2026-07-20,Delivered,899.99,0,Credit_Card
610-5775316-9571097,7,20,14,"2026-08-20 03:44:01",2026-08-23,2026-08-26,Delivered,7999.00,0,UPI
610-9113799-8247480,13,4,29,"2026-08-14 11:24:01",2026-08-15,2026-08-15,Delivered,9869.97,0,UPI
611-1322484-5258231,11,18,17,"2026-06-07 22:16:01",2026-06-14,2026-06-14,Delivered,599.00,0,UPI
614-3384836-6488438,11,9,13,"2026-07-07 16:18:01",2026-07-08,NULL,Cancelled,4398.00,0,Debit_Card
614-6268671-2899034,12,18,12,"2026-08-17 18:42:01",2026-08-20,2026-08-22,Delivered,1797.00,0,UPI
616-7905777-2027867,11,1,7,"2026-08-24 05:24:01",2026-08-26,2026-08-28,Delivered,32598.22,0,UPI
617-7393210-8441592,1,11,20,"2026-03-13 18:16:01",2026-03-16,2026-03-18,Delivered,149.00,0,COD
620-3236823-5562233,32,9,22,"2026-07-21 04:03:01",2026-07-28,2026-07-27,Delivered,4398.00,0,UPI
622-9204330-8335209,14,6,8,"2026-02-28 19:18:01",2026-03-03,NULL,Processing,3752.25,1,Debit_Card
623-9847748-2540761,37,1,12,"2026-08-10 23:38:01",2026-08-12,2026-08-15,Delivered,32598.22,0,UPI
624-2488205-1718748,37,6,20,"2026-04-22 01:50:01",2026-04-25,2026-04-28,Delivered,2501.50,0,Net_Banking
624-3467614-6590206,12,12,27,"2025-12-16 13:48:01",2025-12-18,2025-12-19,Delivered,203997.00,0,COD
624-9386767-9205950,31,2,4,"2026-07-21 04:16:01",2026-07-26,NULL,Placed,52893.04,0,Debit_Card
625-3478736-6641429,13,14,11,"2026-05-31 23:25:01",2026-06-03,2026-06-04,Delivered,2626.50,0,UPI
626-4945033-4927857,35,1,16,"2026-07-03 02:56:01",2026-07-05,2026-07-04,Returned,97794.66,0,Debit_Card
627-2553004-1947724,1,15,18,"2026-02-13 09:23:01",2026-02-20,2026-02-19,Delivered,1699.00,0,Credit_Card
627-4086105-9592571,30,18,2,"2026-03-20 02:51:01",2026-03-25,2026-03-25,Delivered,1198.00,0,Credit_Card
628-3572170-7005055,20,8,16,"2026-05-15 20:45:01",2026-05-17,2026-05-19,Returned,13798.50,1,Debit_Card
628-5021447-5256721,1,15,13,"2026-08-23 05:09:01",2026-08-26,2026-08-29,Delivered,5097.00,0,Wallet
628-6900638-5643534,25,11,22,"2026-07-22 04:23:01",2026-07-24,2026-07-27,Delivered,447.00,0,UPI
629-4891579-4564566,28,5,3,"2026-04-08 11:18:01",2026-04-10,2026-04-13,Delivered,25497.00,0,COD
631-7980024-1947357,8,14,24,"2026-08-25 14:19:01",2026-08-30,NULL,Shipped,1751.00,0,UPI
632-9024202-7146771,30,14,2,"2026-08-24 02:25:01",2026-08-31,2026-09-03,Delivered,2626.50,0,Credit_Card
632-9268910-8374294,14,5,6,"2026-06-14 18:49:01",2026-06-21,2026-06-20,Delivered,25497.00,0,UPI
633-5654294-8259113,20,20,15,"2026-08-25 04:21:01",2026-08-27,2026-08-30,Delivered,15998.00,0,UPI
634-6634905-4153513,35,7,28,"2026-04-05 02:17:01",2026-04-07,2026-04-09,Delivered,399.00,0,COD
636-3824948-8032567,39,10,15,"2026-08-23 12:41:01",2026-08-30,NULL,Cancelled,899.99,0,Credit_Card
636-9226748-8045749,7,11,2,"2026-06-27 12:54:01",2026-07-02,2026-07-03,Delivered,298.00,0,Net_Banking
638-9027520-6975539,26,5,6,"2026-08-13 03:44:01",2026-08-15,NULL,Cancelled,8499.00,0,Credit_Card
639-1268351-4155021,27,6,10,"2026-04-24 09:51:01",2026-04-27,2026-04-26,Delivered,2501.50,0,COD
640-1264470-4092951,26,3,21,"2026-07-08 08:47:01",2026-07-13,NULL,Shipped,487.15,0,UPI
640-5824605-8917841,32,7,6,"2026-08-19 19:18:01",2026-08-21,2026-08-23,Delivered,1197.00,0,Net_Banking
641-2772566-2611802,13,20,1,"2026-08-07 10:18:01",2026-08-09,2026-08-11,Delivered,23997.00,0,Debit_Card
641-4670291-3109019,38,1,11,"2026-08-19 08:35:01",2026-08-24,2026-08-23,Delivered,65196.44,0,Credit_Card
644-3864796-7989985,38,7,23,"2026-04-27 17:27:01",2026-05-02,2026-05-01,Delivered,1197.00,0,UPI
644-4538636-2349100,23,9,9,"2026-07-25 13:35:01",2026-07-27,2026-07-29,Delivered,6597.00,0,UPI
644-5253608-5942520,14,20,29,"2026-02-01 09:14:01",2026-02-04,NULL,Shipped,7999.00,0,UPI
645-2347564-9379410,9,5,17,"2026-07-18 12:57:01",2026-07-20,2026-07-19,Delivered,25497.00,0,UPI
645-2639780-1846028,37,7,27,"2026-03-12 20:38:01",2026-03-13,NULL,In_Transit,399.00,0,Debit_Card
646-1641906-5822811,19,15,6,"2026-02-21 04:30:01",2026-02-26,NULL,Processing,1699.00,0,UPI
646-2461341-9923094,19,8,14,"2026-06-28 18:44:01",2026-06-30,2026-07-02,Delivered,4599.50,0,COD
646-4243139-9824494,33,4,11,"2026-06-28 01:34:01",2026-07-05,2026-07-08,Delivered,6579.98,0,Debit_Card
646-7159317-6399905,38,19,25,"2026-07-27 11:53:01",2026-08-01,NULL,Cancelled,5798.00,0,COD
647-3704793-7090571,20,8,14,"2026-08-16 16:55:01",2026-08-17,2026-08-19,Returned,4599.50,0,UPI
647-8754620-5360191,34,15,5,"2026-05-26 07:18:01",2026-06-02,2026-06-04,Delivered,1699.00,0,UPI
648-2785988-2474105,9,13,14,"2026-04-28 03:43:01",2026-05-01,2026-05-01,Delivered,16497.00,0,Credit_Card
649-4049249-8762139,12,18,17,"2026-08-15 05:26:01",2026-08-16,2026-08-18,Delivered,599.00,0,COD
649-4974272-4395163,23,14,21,"2026-08-11 11:23:01",2026-08-12,2026-08-13,Delivered,1751.00,0,Net_Banking
650-2412265-9532749,11,11,21,"2026-08-28 11:07:01",2026-08-31,2026-09-03,Delivered,447.00,0,Debit_Card
650-8027965-1616099,40,16,28,"2026-07-06 09:41:01",2026-07-09,NULL,In_Transit,12999.00,0,Debit_Card
651-1328540-4087853,25,1,6,"2026-08-11 05:58:01",2026-08-14,NULL,Shipped,32598.22,0,Debit_Card
652-3796983-7423013,26,1,9,"2026-06-05 01:01:01",2026-06-10,2026-06-10,Delivered,97794.66,0,Debit_Card
654-2558465-1171350,24,17,12,"2026-08-22 21:05:01",2026-08-29,2026-08-29,Delivered,1947.00,0,Credit_Card
655-3414392-5417779,26,16,27,"2026-06-04 22:17:01",2026-06-11,2026-06-12,Delivered,12999.00,1,UPI
656-1080087-2691379,37,1,8,"2026-05-21 12:49:01",2026-05-22,NULL,In_Transit,32598.22,1,UPI
656-3996175-8292221,3,17,1,"2026-05-18 12:50:01",2026-05-19,2026-05-22,Delivered,649.00,1,UPI
656-7945531-1033855,29,11,13,"2026-03-26 23:38:01",2026-03-28,2026-03-27,Delivered,298.00,0,UPI
658-1891347-6699970,35,9,19,"2026-07-19 12:22:01",2026-07-20,2026-07-20,Delivered,4398.00,0,Debit_Card
660-4138457-8872914,14,1,3,"2026-05-18 08:34:01",2026-05-25,2026-05-25,Returned,32598.22,0,UPI
661-1011456-2198641,27,19,17,"2026-07-26 21:33:01",2026-07-29,NULL,In_Transit,2899.00,0,Wallet
661-2865167-2468838,8,10,24,"2026-01-02 00:40:01",2026-01-04,2026-01-03,Delivered,2699.97,0,COD
661-7635261-8340627,35,18,24,"2026-03-28 16:50:01",2026-03-31,NULL,In_Transit,599.00,0,UPI
661-8081350-1553545,38,12,27,"2025-11-28 08:55:01",2025-11-29,NULL,In_Transit,135998.00,0,UPI
665-3747155-6761023,12,11,20,"2026-08-07 21:00:01",2026-08-08,2026-08-09,Delivered,149.00,0,UPI
666-4703490-2518663,25,11,26,"2026-08-10 14:49:01",2026-08-12,2026-08-15,Returned,298.00,0,UPI
666-9068818-6342010,12,13,7,"2026-07-04 10:43:01",2026-07-07,NULL,Processing,5499.00,0,Debit_Card
667-1708280-5528444,12,18,18,"2026-08-28 20:50:01",2026-08-29,2026-08-28,Delivered,1797.00,0,COD
667-9093389-6446152,14,17,4,"2026-07-13 05:41:01",2026-07-20,2026-07-20,Delivered,649.00,1,Debit_Card
668-6650399-3204775,14,20,25,"2026-06-11 11:21:01",2026-06-13,NULL,Placed,7999.00,0,UPI
668-9127216-6595094,16,3,14,"2026-07-13 18:50:01",2026-07-18,NULL,Shipped,487.15,0,COD
668-9437990-8148832,7,9,17,"2026-04-01 16:56:01",2026-04-02,NULL,Cancelled,4398.00,0,Net_Banking
670-8041716-1087070,29,10,9,"2026-08-27 14:46:01",2026-09-01,2026-09-01,Delivered,899.99,1,COD
670-9832703-1041453,4,8,20,"2026-06-30 17:59:01",2026-07-07,2026-07-09,Delivered,9199.00,0,COD
672-9520067-8434705,12,20,29,"2026-08-22 08:06:01",2026-08-23,2026-08-23,Delivered,15998.00,0,Debit_Card
673-6286770-1219049,15,15,16,"2026-08-15 00:52:01",2026-08-17,NULL,Placed,1699.00,0,UPI
673-9321184-7396981,32,16,15,"2026-07-22 20:12:01",2026-07-23,2026-07-22,Delivered,12999.00,0,UPI
674-4948613-3516026,4,12,18,"2026-06-14 04:35:01",2026-06-16,NULL,Cancelled,203997.00,0,Debit_Card
675-6434690-1919855,28,4,25,"2025-12-28 02:57:01",2025-12-29,2025-12-30,Delivered,3289.99,0,COD
678-5412596-5694230,6,3,6,"2026-06-04 12:31:01",2026-06-09,2026-06-09,Delivered,1461.45,0,COD
679-1267444-2961035,1,7,22,"2026-08-22 13:27:01",2026-08-29,NULL,In_Transit,1197.00,0,COD
679-2521974-9219899,3,12,18,"2026-04-29 01:45:01",2026-04-30,2026-05-03,Delivered,67999.00,0,COD
680-1219359-2686192,35,16,6,"2026-02-02 15:09:01",2026-02-07,2026-02-06,Delivered,25998.00,1,UPI
681-4207634-8596147,7,5,20,"2026-07-23 20:14:01",2026-07-30,NULL,In_Transit,25497.00,0,COD
683-8282405-1898245,3,2,3,"2026-06-27 06:27:01",2026-06-28,2026-06-29,Delivered,105786.08,0,Net_Banking
684-2625947-9599606,10,7,25,"2026-08-26 13:27:01",2026-09-02,NULL,In_Transit,399.00,0,UPI
685-7803406-8462599,36,19,26,"2026-02-03 17:41:01",2026-02-05,2026-02-07,Delivered,2899.00,0,Credit_Card
687-4497504-9863724,31,17,27,"2026-08-19 06:38:01",2026-08-21,2026-08-24,Delivered,1298.00,0,UPI
687-4779825-2263957,18,16,19,"2026-01-08 16:41:01",2026-01-10,2026-01-13,Delivered,12999.00,0,Credit_Card
687-7697174-7856710,24,12,8,"2026-03-26 06:10:01",2026-03-29,2026-03-28,Delivered,203997.00,0,Debit_Card
689-8220414-1427222,34,1,17,"2026-07-15 06:20:01",2026-07-20,2026-07-20,Delivered,65196.44,0,UPI
689-8479766-2715676,19,15,8,"2026-07-30 06:06:01",2026-08-06,2026-08-07,Delivered,1699.00,0,UPI
690-3993480-7264157,20,7,5,"2025-11-21 00:11:01",2025-11-26,2025-11-26,Delivered,1197.00,0,COD
690-5818306-7381466,38,12,1,"2026-08-23 20:56:01",2026-08-26,NULL,Shipped,67999.00,0,UPI
690-9909725-9835623,38,15,27,"2026-08-06 02:38:01",2026-08-11,2026-08-11,Delivered,1699.00,0,UPI
691-4788784-2190238,16,12,23,"2026-08-21 00:12:01",2026-08-24,2026-08-26,Delivered,203997.00,0,Net_Banking
692-2864837-1554218,28,5,6,"2026-08-23 11:16:01",2026-08-28,2026-08-27,Delivered,8499.00,0,Credit_Card
692-7974322-9097728,7,4,10,"2026-07-23 13:37:01",2026-07-25,2026-07-24,Returned,6579.98,0,UPI
695-7377273-6009067,27,13,4,"2026-07-31 06:08:01",2026-08-05,2026-08-08,Delivered,10998.00,0,Debit_Card
697-5650674-6327672,17,6,4,"2025-12-22 05:06:01",2025-12-27,NULL,Placed,3752.25,0,COD
697-9383793-6997936,22,14,25,"2026-07-31 08:00:01",2026-08-03,2026-08-04,Delivered,875.50,0,Debit_Card
699-1767443-4860669,36,4,4,"2026-08-11 10:54:01",2026-08-14,NULL,Processing,9869.97,0,UPI
700-3652356-5257319,20,20,15,"2026-03-18 12:57:01",2026-03-21,2026-03-22,Delivered,23997.00,0,COD
700-5704721-6521462,20,14,23,"2026-05-03 20:54:01",2026-05-08,NULL,Placed,875.50,1,UPI
702-5088973-3363740,39,20,28,"2025-12-07 16:15:01",2025-12-09,2025-12-10,Delivered,23997.00,0,UPI
702-5807411-6956668,29,11,19,"2026-06-14 21:26:01",2026-06-15,2026-06-17,Delivered,447.00,0,Debit_Card
702-6772893-2783369,3,15,15,"2026-06-28 22:18:01",2026-07-05,NULL,In_Transit,1699.00,1,COD
703-4662385-1216816,36,9,13,"2026-07-29 21:28:01",2026-07-30,2026-07-31,Delivered,2199.00,0,UPI
703-5731273-6537246,20,14,22,"2026-01-01 03:47:01",2026-01-02,NULL,Shipped,2626.50,0,UPI
704-7640444-7061855,7,16,9,"2026-08-20 18:47:01",2026-08-27,NULL,In_Transit,38997.00,0,COD
707-4906552-2307784,17,14,5,"2026-07-21 03:54:01",2026-07-24,2026-07-27,Delivered,875.50,0,COD
707-9158198-5569889,33,12,12,"2026-07-08 14:51:01",2026-07-09,NULL,Shipped,67999.00,0,UPI
711-8572811-2521196,13,2,16,"2026-08-23 12:06:01",2026-08-26,2026-08-27,Delivered,105786.08,0,Credit_Card
712-2138250-6321564,24,3,24,"2026-04-13 17:41:01",2026-04-16,NULL,Cancelled,487.15,0,COD
712-5124592-3239083,35,12,12,"2026-08-01 10:30:01",2026-08-04,2026-08-06,Delivered,67999.00,0,UPI
712-8055882-8912078,2,12,23,"2026-08-16 15:39:01",2026-08-18,NULL,Processing,67999.00,0,Credit_Card
713-1238832-1780111,15,11,15,"2025-10-11 10:50:01",2025-10-16,2025-10-16,Delivered,447.00,0,Debit_Card
713-1451369-2853885,36,16,8,"2026-08-29 14:41:01",2026-08-30,NULL,Shipped,12999.00,0,UPI
714-1537389-3240889,3,12,21,"2025-11-17 10:40:01",2025-11-22,2025-11-21,Returned,67999.00,0,UPI
715-1853240-4789193,33,17,22,"2026-07-16 23:15:01",2026-07-17,2026-07-20,Delivered,649.00,0,UPI
715-3714960-5115693,16,11,16,"2026-08-14 09:44:01",2026-08-15,2026-08-14,Delivered,149.00,0,UPI
717-6141511-8182531,12,20,4,"2026-04-17 09:31:01",2026-04-19,2026-04-18,Delivered,7999.00,0,Net_Banking
717-7079357-3864418,23,18,19,"2026-06-10 01:55:01",2026-06-12,2026-06-12,Delivered,1198.00,0,COD
718-6490742-9888403,5,12,17,"2026-08-16 21:53:01",2026-08-23,NULL,Placed,67999.00,0,COD
718-7281515-4866838,3,20,22,"2026-01-04 04:54:01",2026-01-09,2026-01-10,Delivered,7999.00,1,Credit_Card
720-9728503-8015987,40,13,2,"2026-08-24 22:15:01",2026-08-25,NULL,Processing,5499.00,0,Credit_Card
725-5677599-5619050,1,10,14,"2026-03-19 06:40:01",2026-03-20,2026-03-22,Delivered,899.99,0,UPI
725-6315125-8804894,23,5,12,"2026-05-31 13:28:01",2026-06-07,2026-06-06,Delivered,8499.00,0,UPI
725-7170854-4090886,27,6,11,"2026-08-27 04:56:01",2026-08-30,NULL,Cancelled,1250.75,0,Credit_Card
726-1681270-3605350,9,5,15,"2026-02-27 05:19:01",2026-03-02,2026-03-04,Delivered,8499.00,0,UPI
726-4737810-9900541,28,11,16,"2026-07-20 06:57:01",2026-07-25,2026-07-28,Delivered,447.00,0,Credit_Card
726-6774924-2082972,28,1,3,"2026-07-02 11:15:01",2026-07-07,2026-07-10,Delivered,97794.66,1,UPI
729-1219900-1226390,3,4,23,"2026-07-26 06:49:01",2026-07-28,NULL,Cancelled,9869.97,0,Debit_Card
730-5206422-3124002,32,4,17,"2026-05-18 06:43:01",2026-05-25,2026-05-28,Delivered,3289.99,0,COD
730-7665843-6400809,32,2,4,"2026-07-10 22:15:01",2026-07-11,2026-07-10,Delivered,52893.04,0,UPI
732-4777727-9922574,28,11,14,"2025-12-14 03:57:01",2025-12-17,2025-12-19,Delivered,298.00,0,Credit_Card
733-1188770-9943876,37,11,1,"2026-07-11 18:06:01",2026-07-13,2026-07-15,Delivered,298.00,0,COD
733-1233909-1171640,1,1,3,"2026-05-25 13:24:01",2026-05-27,2026-05-30,Delivered,32598.22,0,Credit_Card
733-4427505-8146399,34,16,9,"2026-08-10 06:36:01",2026-08-12,2026-08-12,Delivered,12999.00,0,Credit_Card
735-3258386-2226939,38,5,12,"2026-08-26 07:05:01",2026-09-02,NULL,Placed,8499.00,0,COD
735-6684120-1357463,13,9,3,"2026-06-03 15:46:01",2026-06-08,2026-06-09,Delivered,2199.00,0,Net_Banking
736-2727683-8548576,25,12,1,"2026-06-15 14:35:01",2026-06-18,2026-06-19,Delivered,67999.00,0,UPI
737-1902218-4387844,24,16,5,"2026-06-18 09:00:01",2026-06-23,2026-06-25,Delivered,25998.00,0,Debit_Card
737-6108097-7422295,35,4,10,"2026-08-11 11:38:01",2026-08-18,2026-08-17,Delivered,3289.99,0,UPI
741-1154483-9523101,28,12,25,"2026-05-14 15:59:01",2026-05-19,2026-05-21,Delivered,135998.00,0,COD
742-8793514-2707154,15,4,26,"2026-05-27 11:57:01",2026-05-29,NULL,Placed,3289.99,0,Credit_Card
743-5547397-4417780,16,16,22,"2026-07-14 17:15:01",2026-07-16,2026-07-19,Delivered,12999.00,0,Credit_Card
743-6752733-1457431,14,11,19,"2026-07-23 19:02:01",2026-07-30,2026-07-31,Returned,298.00,0,UPI
744-1326221-1283481,2,3,18,"2026-02-17 14:30:01",2026-02-24,2026-02-26,Delivered,974.30,0,Net_Banking
744-4543949-8386192,37,3,29,"2026-07-19 20:22:01",2026-07-20,NULL,Cancelled,487.15,0,COD
744-6298022-8169448,9,14,24,"2026-08-19 05:58:01",2026-08-22,2026-08-25,Delivered,875.50,0,UPI
745-1174321-9508931,27,11,16,"2026-08-17 06:22:01",2026-08-20,2026-08-22,Delivered,149.00,1,Credit_Card
745-4715017-9201344,13,18,10,"2026-08-22 06:54:01",2026-08-29,NULL,Shipped,1797.00,0,Wallet
745-7448869-4873523,1,15,18,"2026-06-03 18:10:01",2026-06-10,2026-06-12,Delivered,5097.00,0,Net_Banking
745-8361405-9437728,10,8,3,"2026-07-06 13:45:01",2026-07-09,2026-07-11,Delivered,9199.00,0,UPI
747-3547171-3307920,18,8,20,"2026-08-24 03:20:01",2026-08-26,2026-08-28,Delivered,9199.00,0,Credit_Card
748-3557569-3325610,18,9,23,"2026-08-03 07:32:01",2026-08-10,NULL,Shipped,4398.00,0,COD
749-4170213-6362027,37,17,11,"2026-07-21 18:32:01",2026-07-23,2026-07-26,Delivered,1947.00,0,UPI
750-4036626-5669856,24,8,1,"2026-08-24 20:21:01",2026-08-26,2026-08-28,Delivered,13798.50,0,Wallet
750-7178040-3371110,11,10,21,"2026-08-12 02:04:01",2026-08-14,NULL,Processing,899.99,0,COD
751-1707889-2993631,35,14,25,"2026-08-06 13:16:01",2026-08-13,2026-08-15,Delivered,1751.00,0,Debit_Card
752-2115107-4996941,34,19,1,"2026-06-19 18:08:01",2026-06-21,2026-06-23,Delivered,2899.00,0,UPI
752-6171411-7279030,31,15,11,"2026-02-26 05:10:01",2026-02-28,2026-02-27,Delivered,5097.00,1,Credit_Card
753-9564854-6206749,2,10,5,"2026-06-13 06:36:01",2026-06-16,NULL,Cancelled,899.99,1,UPI
754-6369312-8225024,9,15,26,"2026-05-23 06:42:01",2026-05-30,2026-05-29,Delivered,1699.00,0,COD
754-8816573-2436596,8,10,25,"2026-06-14 15:44:01",2026-06-21,2026-06-24,Delivered,2699.97,0,Debit_Card
755-1032067-8483791,6,5,23,"2026-08-26 08:51:01",2026-08-29,NULL,Placed,8499.00,0,Wallet
755-4183737-6244336,35,11,1,"2026-05-27 17:47:01",2026-06-03,2026-06-02,Delivered,149.00,0,UPI
755-5664708-4652932,19,4,11,"2026-07-19 16:01:01",2026-07-22,2026-07-23,Delivered,3289.99,0,UPI
756-1314916-9893158,34,5,17,"2026-08-19 10:09:01",2026-08-20,2026-08-23,Delivered,8499.00,0,UPI
757-7936304-6961575,40,1,2,"2026-08-13 17:42:01",2026-08-15,2026-08-15,Delivered,97794.66,0,COD
760-2834661-8344110,19,18,2,"2026-08-16 10:55:01",2026-08-18,2026-08-19,Delivered,1797.00,0,COD
760-8918289-2767849,14,3,18,"2026-07-20 15:11:01",2026-07-23,NULL,Processing,974.30,0,UPI
761-4930529-9802632,24,20,3,"2026-05-10 17:55:01",2026-05-12,2026-05-15,Delivered,15998.00,0,UPI
762-2105436-4656659,27,2,15,"2026-08-06 09:44:01",2026-08-07,2026-08-07,Returned,52893.04,0,UPI
762-2225387-5242879,38,7,24,"2026-08-27 12:05:01",2026-09-01,2026-08-31,Delivered,798.00,0,COD
762-4719087-8726327,3,14,9,"2026-05-09 09:00:01",2026-05-14,NULL,In_Transit,2626.50,0,Net_Banking
762-7812377-6181550,25,7,22,"2026-04-08 09:00:01",2026-04-13,2026-04-13,Delivered,399.00,0,Credit_Card
763-1244068-9323176,22,19,2,"2026-06-21 10:58:01",2026-06-22,2026-06-22,Delivered,2899.00,0,Debit_Card
763-3451777-2349014,38,5,8,"2026-04-18 01:18:01",2026-04-19,2026-04-18,Delivered,8499.00,0,Debit_Card
763-5065202-1412018,35,5,16,"2026-04-24 23:34:01",2026-04-29,2026-04-28,Delivered,16998.00,0,Debit_Card
763-9365416-4932276,16,14,5,"2026-04-08 16:27:01",2026-04-10,NULL,In_Transit,1751.00,0,Debit_Card
764-6251620-7308854,31,14,3,"2026-05-10 03:39:01",2026-05-15,2026-05-16,Delivered,875.50,0,UPI
765-1816813-3124611,37,17,13,"2026-07-30 05:01:01",2026-07-31,2026-08-02,Delivered,1298.00,0,UPI
765-3425648-2154220,34,16,12,"2026-08-25 14:36:01",2026-08-27,2026-08-28,Delivered,12999.00,0,COD
768-2826383-8085656,14,6,12,"2026-07-21 01:46:01",2026-07-28,2026-07-29,Delivered,2501.50,0,UPI
768-5212436-2013285,7,10,24,"2026-02-06 11:19:01",2026-02-08,2026-02-08,Delivered,899.99,0,UPI
768-9723763-6578074,8,2,27,"2026-07-18 02:20:01",2026-07-19,2026-07-22,Delivered,52893.04,0,Debit_Card
771-4178428-5756141,24,7,26,"2026-04-15 09:55:01",2026-04-17,2026-04-19,Delivered,399.00,0,Credit_Card
772-4890098-9280835,13,16,26,"2026-08-29 02:03:01",2026-09-01,NULL,Cancelled,38997.00,0,Net_Banking
773-4517057-7386784,16,16,19,"2026-03-29 23:53:01",2026-03-30,2026-03-30,Delivered,25998.00,0,UPI
774-2711645-7335033,38,13,10,"2026-04-26 08:48:01",2026-05-01,2026-05-02,Delivered,5499.00,0,COD
775-3266213-1065306,12,8,3,"2026-06-30 07:36:01",2026-07-03,2026-07-06,Delivered,4599.50,0,Wallet
778-4116535-5218191,13,3,20,"2026-08-29 18:21:01",2026-08-30,2026-09-02,Delivered,487.15,0,UPI
779-2669983-6958551,31,16,19,"2026-03-01 16:42:01",2026-03-02,2026-03-02,Delivered,12999.00,0,Debit_Card
779-8747078-1359642,25,20,29,"2026-08-28 01:29:01",2026-08-31,2026-08-31,Delivered,7999.00,0,UPI
779-9871426-6981681,15,17,3,"2026-05-29 01:48:01",2026-06-05,2026-06-05,Delivered,1298.00,0,Credit_Card
779-9880696-7006147,16,18,8,"2026-01-29 22:37:01",2026-01-31,NULL,In_Transit,1797.00,0,COD
781-2786583-7478326,1,18,9,"2026-05-30 18:10:01",2026-06-06,2026-06-06,Delivered,1198.00,0,Debit_Card
782-5417296-2606355,17,12,17,"2026-07-21 14:12:01",2026-07-23,NULL,Shipped,135998.00,0,Credit_Card
782-5779549-4436663,13,9,7,"2026-04-16 23:55:01",2026-04-17,2026-04-17,Delivered,2199.00,0,Debit_Card
784-6522537-8064987,4,2,3,"2026-07-13 20:55:01",2026-07-16,2026-07-15,Delivered,105786.08,0,COD
785-2123229-4047030,13,12,27,"2025-12-31 19:50:01",2026-01-07,2026-01-09,Delivered,203997.00,0,UPI
787-9916746-6962758,14,15,16,"2026-06-01 13:43:01",2026-06-06,NULL,Cancelled,1699.00,0,Debit_Card
788-1944766-3082686,34,11,2,"2026-04-24 13:48:01",2026-04-26,2026-04-27,Delivered,149.00,0,COD
788-2486409-5778289,7,5,16,"2026-08-08 02:30:01",2026-08-11,2026-08-11,Delivered,8499.00,0,COD
788-5461365-2656489,18,13,23,"2026-08-29 05:56:01",2026-09-03,NULL,Placed,5499.00,0,Debit_Card
790-1515429-9847616,30,16,18,"2025-12-17 09:12:01",2025-12-22,2025-12-22,Delivered,38997.00,0,UPI
790-6913276-9865122,39,17,7,"2026-05-21 08:47:01",2026-05-26,NULL,In_Transit,649.00,0,UPI
791-5364783-2064361,6,7,7,"2026-08-24 19:58:01",2026-08-26,NULL,In_Transit,1197.00,0,COD
791-8753395-1014962,17,3,9,"2026-07-09 20:22:01",2026-07-11,2026-07-10,Delivered,487.15,0,Net_Banking
793-5328526-1831609,1,17,2,"2026-04-19 10:08:01",2026-04-20,NULL,In_Transit,649.00,0,Debit_Card
793-6921194-9790120,37,13,11,"2025-12-28 03:19:01",2025-12-30,2025-12-30,Delivered,5499.00,0,Credit_Card
793-9849097-6438301,3,11,15,"2026-08-08 04:46:01",2026-08-10,2026-08-10,Delivered,447.00,0,Credit_Card
798-5469537-2392166,12,20,27,"2026-01-02 10:34:01",2026-01-03,2026-01-04,Delivered,7999.00,0,COD
799-1576696-9896627,31,16,20,"2026-08-27 01:25:01",2026-09-01,2026-09-03,Delivered,12999.00,0,UPI
799-2215309-4096354,13,11,23,"2026-06-22 07:42:01",2026-06-23,2026-06-22,Delivered,298.00,0,UPI
799-5538464-2713078,18,13,24,"2026-08-16 20:41:01",2026-08-23,NULL,Cancelled,5499.00,0,Debit_Card
799-8218067-7098217,40,18,13,"2026-05-24 01:15:01",2026-05-27,NULL,Shipped,599.00,0,UPI
800-3083256-8410318,17,13,28,"2026-07-28 13:44:01",2026-08-02,NULL,Shipped,10998.00,0,Credit_Card
801-5837252-4128196,6,12,16,"2026-05-29 09:24:01",2026-06-05,NULL,In_Transit,67999.00,0,UPI
801-7186959-1902361,18,18,5,"2026-07-30 04:16:01",2026-08-04,2026-08-03,Delivered,599.00,0,Debit_Card
802-4712895-7483172,15,14,6,"2026-08-17 19:16:01",2026-08-20,2026-08-22,Delivered,2626.50,0,UPI
802-5072555-9298911,11,10,22,"2026-07-16 22:11:01",2026-07-18,2026-07-21,Delivered,899.99,0,Credit_Card
802-8660168-9236896,1,8,23,"2026-05-02 20:03:01",2026-05-09,2026-05-11,Delivered,9199.00,0,Debit_Card
802-9167363-2765287,11,15,22,"2026-03-25 22:12:01",2026-03-27,2026-03-26,Delivered,1699.00,0,UPI
803-2771754-6746671,25,2,20,"2026-08-25 16:44:01",2026-09-01,NULL,Processing,52893.04,0,UPI
803-9967286-6720200,8,1,18,"2026-08-02 07:29:01",2026-08-03,NULL,Shipped,32598.22,1,Wallet
804-8406174-7881612,15,10,10,"2026-08-27 05:46:01",2026-08-30,2026-08-29,Delivered,2699.97,0,Credit_Card
805-5144310-9562788,16,1,29,"2026-03-20 23:57:01",2026-03-27,2026-03-27,Delivered,32598.22,0,UPI
806-5401720-1815975,40,14,10,"2026-05-03 11:30:01",2026-05-08,2026-05-07,Delivered,1751.00,0,UPI
807-1113070-7336120,20,6,2,"2026-06-05 14:32:01",2026-06-10,2026-06-09,Delivered,1250.75,0,Wallet
808-7114224-1314540,6,12,14,"2026-01-10 02:54:01",2026-01-12,2026-01-12,Delivered,203997.00,0,UPI
810-6834407-8844813,17,10,1,"2026-02-27 15:47:01",2026-03-04,2026-03-05,Delivered,899.99,0,UPI
811-6178090-5546626,32,10,1,"2026-07-19 20:17:01",2026-07-24,NULL,Shipped,899.99,0,Debit_Card
812-8189638-6586804,29,14,8,"2026-08-02 17:05:01",2026-08-04,2026-08-05,Delivered,875.50,0,UPI
813-4807322-7622831,17,17,29,"2026-08-20 16:00:01",2026-08-23,2026-08-23,Delivered,1298.00,0,COD
813-7411528-2656242,32,8,14,"2026-06-23 13:41:01",2026-06-30,NULL,Cancelled,4599.50,0,Debit_Card
815-3420205-9638021,40,2,13,"2026-06-05 05:21:01",2026-06-08,2026-06-10,Delivered,52893.04,0,Net_Banking
815-5248082-9766202,19,7,12,"2026-07-22 16:26:01",2026-07-25,2026-07-27,Delivered,399.00,0,COD
816-9350374-3263124,19,13,19,"2026-08-09 08:44:01",2026-08-16,2026-08-19,Returned,5499.00,0,Debit_Card
818-1733842-1109925,33,1,23,"2026-04-26 18:51:01",2026-05-01,2026-05-03,Returned,97794.66,0,COD
819-4148557-4145765,28,9,4,"2026-06-05 22:58:01",2026-06-08,2026-06-11,Delivered,2199.00,1,Debit_Card
820-6619265-7476050,29,10,5,"2026-07-17 04:22:01",2026-07-19,NULL,Placed,899.99,0,COD
822-6732567-7995397,40,11,24,"2026-06-30 15:04:01",2026-07-01,2026-07-04,Delivered,149.00,0,UPI
823-4264197-4604204,37,8,4,"2026-04-27 01:05:01",2026-04-29,2026-04-30,Delivered,4599.50,0,UPI
826-5553818-1977862,2,17,27,"2026-07-27 13:19:01",2026-07-30,2026-08-01,Delivered,649.00,0,UPI
826-6175592-5084703,22,8,5,"2026-07-12 01:24:01",2026-07-17,2026-07-16,Delivered,13798.50,0,Net_Banking
826-9550270-3969495,32,1,19,"2026-08-29 05:53:01",2026-09-05,2026-09-05,Delivered,65196.44,0,Debit_Card
828-7935296-4816250,33,16,13,"2026-01-12 07:26:01",2026-01-14,NULL,Processing,12999.00,0,COD
831-6199704-5055379,21,5,20,"2026-07-23 20:26:01",2026-07-24,2026-07-27,Delivered,16998.00,0,Debit_Card
831-6378487-5951440,39,3,24,"2026-08-25 18:30:01",2026-08-27,2026-08-29,Delivered,487.15,0,Debit_Card
831-9528661-3694794,27,8,27,"2026-07-26 17:54:01",2026-07-28,2026-07-27,Delivered,4599.50,0,Debit_Card
832-3827706-2177710,29,4,21,"2025-11-18 16:29:01",2025-11-20,2025-11-19,Delivered,9869.97,0,Credit_Card
832-5936911-3723151,35,9,16,"2026-06-20 16:28:01",2026-06-22,NULL,In_Transit,4398.00,0,Credit_Card
834-1903651-1486687,39,14,15,"2026-03-04 08:25:01",2026-03-09,2026-03-10,Delivered,2626.50,0,UPI
834-3292928-8427979,15,7,18,"2025-09-23 17:05:01",2025-09-25,2025-09-25,Delivered,399.00,0,Credit_Card
835-2113162-2490957,19,16,17,"2026-04-03 06:16:01",2026-04-04,2026-04-06,Delivered,12999.00,0,UPI
835-3038703-7136727,30,13,24,"2026-08-15 01:23:01",2026-08-22,2026-08-25,Delivered,5499.00,1,UPI
837-9611735-3948515,31,18,29,"2026-07-03 23:00:01",2026-07-06,2026-07-09,Delivered,1797.00,0,COD
843-4086769-3138665,7,2,28,"2026-06-26 03:15:01",2026-07-01,2026-07-03,Delivered,52893.04,0,UPI
846-6586944-6553749,9,6,19,"2026-06-26 07:02:01",2026-06-28,2026-06-28,Delivered,3752.25,1,COD
848-1504708-8054322,31,9,23,"2026-03-29 00:52:01",2026-03-31,2026-04-03,Delivered,6597.00,0,Debit_Card
848-4072578-2918712,2,12,21,"2026-05-16 20:47:01",2026-05-18,2026-05-17,Delivered,203997.00,0,COD
849-6212220-4562597,10,1,12,"2026-08-02 21:10:01",2026-08-04,NULL,Processing,32598.22,0,Wallet
850-3647741-9738410,39,19,24,"2026-06-06 05:15:01",2026-06-13,2026-06-13,Delivered,2899.00,0,Credit_Card
850-6457365-5770331,34,12,10,"2025-11-04 11:20:01",2025-11-06,NULL,In_Transit,67999.00,0,Debit_Card
854-9489230-2820012,8,7,28,"2026-03-06 15:34:01",2026-03-11,2026-03-14,Delivered,1197.00,0,Debit_Card
854-9652657-3626894,24,1,8,"2026-08-22 14:45:01",2026-08-27,2026-08-29,Delivered,97794.66,0,COD
855-3193963-7311969,32,16,16,"2026-07-30 16:50:01",2026-08-02,2026-08-02,Delivered,12999.00,0,Net_Banking
855-9094558-9820431,9,2,22,"2026-06-30 15:53:01",2026-07-02,2026-07-01,Delivered,158679.12,0,UPI
857-3746727-1021142,4,10,3,"2026-01-04 08:29:01",2026-01-06,NULL,Placed,899.99,0,Wallet
859-5233442-8384781,28,20,27,"2026-02-19 11:59:01",2026-02-20,2026-02-23,Delivered,7999.00,1,COD
863-6281107-4500810,8,16,7,"2026-02-19 06:46:01",2026-02-22,NULL,Cancelled,12999.00,0,UPI
864-6347654-4789889,13,8,23,"2026-08-07 02:08:01",2026-08-08,NULL,Cancelled,4599.50,0,COD
865-4322930-3664559,15,20,22,"2026-08-16 03:22:01",2026-08-17,2026-08-20,Delivered,7999.00,0,UPI
866-6485089-5429497,26,14,16,"2026-05-31 12:20:01",2026-06-03,NULL,In_Transit,1751.00,0,Credit_Card
867-4286193-3399312,10,8,7,"2026-06-25 18:59:01",2026-06-26,2026-06-26,Delivered,4599.50,0,Credit_Card
868-4797856-5948295,20,16,12,"2026-02-13 02:51:01",2026-02-18,NULL,Cancelled,25998.00,0,UPI
869-5726040-1552523,30,10,6,"2026-05-01 11:02:01",2026-05-06,2026-05-09,Delivered,2699.97,0,COD
869-8483047-6316133,19,11,7,"2026-05-28 13:43:01",2026-06-02,2026-06-02,Delivered,149.00,1,Net_Banking
872-7142630-8532175,6,4,14,"2026-04-06 12:46:01",2026-04-08,NULL,Processing,3289.99,0,Credit_Card
872-8612743-6888457,30,15,10,"2026-04-26 01:59:01",2026-05-03,2026-05-05,Delivered,1699.00,1,UPI
873-4080243-2209800,26,17,6,"2026-05-18 20:47:01",2026-05-20,2026-05-19,Delivered,1947.00,0,UPI
874-3239120-6953704,23,17,13,"2026-08-26 15:57:01",2026-09-02,NULL,Shipped,1947.00,0,Net_Banking
874-4237406-2953050,1,8,26,"2026-07-12 15:33:01",2026-07-19,2026-07-19,Delivered,13798.50,0,Net_Banking
876-6648538-5937533,35,14,21,"2026-05-31 21:33:01",2026-06-03,2026-06-05,Delivered,2626.50,0,Credit_Card
877-4844965-5912939,18,13,20,"2026-05-18 11:47:01",2026-05-20,2026-05-19,Delivered,5499.00,0,COD
877-9047955-8923313,29,20,18,"2026-08-10 05:18:01",2026-08-15,2026-08-18,Delivered,7999.00,0,UPI
877-9350374-1413062,18,2,4,"2026-07-18 01:59:01",2026-07-25,2026-07-27,Delivered,105786.08,0,Debit_Card
877-9535284-2361311,37,3,23,"2026-05-01 15:34:01",2026-05-06,NULL,Shipped,487.15,0,UPI
878-2908142-5179250,28,1,4,"2026-08-05 14:57:01",2026-08-10,2026-08-09,Delivered,32598.22,1,Wallet
878-3084447-6057330,5,18,3,"2025-12-30 03:52:01",2026-01-04,2026-01-03,Delivered,1797.00,0,UPI
878-7498335-1145496,37,11,26,"2026-03-27 16:34:01",2026-04-03,2026-04-05,Delivered,447.00,0,Credit_Card
879-4327391-3247852,6,19,10,"2025-12-02 10:21:01",2025-12-03,NULL,Placed,8697.00,0,UPI
881-1545292-7289785,13,10,12,"2026-04-14 04:21:01",2026-04-16,2026-04-16,Delivered,2699.97,0,Wallet
882-1210586-5580631,19,17,24,"2026-08-18 22:32:01",2026-08-23,2026-08-26,Delivered,649.00,0,UPI
882-9465759-1839444,26,19,23,"2026-08-05 23:31:01",2026-08-12,2026-08-15,Delivered,2899.00,1,COD
885-5002927-6446913,28,13,5,"2026-04-26 21:15:01",2026-05-03,2026-05-04,Delivered,16497.00,0,COD
885-9618086-2534706,40,8,1,"2026-07-03 07:48:01",2026-07-06,NULL,Shipped,13798.50,0,UPI
886-4505098-3926064,19,7,6,"2026-04-27 22:26:01",2026-04-29,2026-05-02,Delivered,1197.00,0,Credit_Card
886-8803665-7423179,39,14,17,"2026-07-07 03:57:01",2026-07-09,2026-07-11,Delivered,2626.50,0,Net_Banking
889-9597061-2288001,34,17,16,"2026-06-04 13:57:01",2026-06-09,NULL,Cancelled,1298.00,0,Wallet
890-1131144-4938968,6,9,18,"2026-04-25 07:10:01",2026-04-28,2026-04-28,Delivered,2199.00,0,COD
891-4125068-1879396,18,19,11,"2026-08-28 04:11:01",2026-08-29,2026-09-01,Delivered,8697.00,0,UPI
892-3877587-9608004,33,5,23,"2026-08-28 18:36:01",2026-09-04,2026-09-07,Delivered,25497.00,1,COD
893-1786219-8115768,28,2,11,"2026-07-02 12:01:01",2026-07-09,2026-07-10,Delivered,158679.12,0,UPI
893-3502162-7707835,36,5,14,"2026-04-15 09:35:01",2026-04-22,2026-04-23,Delivered,8499.00,0,Credit_Card
893-3889933-9650999,34,7,4,"2026-03-09 21:06:01",2026-03-14,2026-03-16,Delivered,798.00,0,Credit_Card
896-3106130-5629088,35,17,13,"2026-08-03 06:05:01",2026-08-10,2026-08-12,Delivered,649.00,0,COD
897-1558959-6856173,3,8,21,"2026-08-29 00:46:01",2026-09-05,2026-09-06,Delivered,4599.50,0,COD
897-7347028-8820333,10,11,1,"2026-04-04 23:26:01",2026-04-06,2026-04-09,Delivered,149.00,0,Credit_Card
899-2808950-4072518,5,10,5,"2026-08-01 15:33:01",2026-08-08,2026-08-07,Delivered,899.99,0,Wallet
901-8043550-3176968,35,12,10,"2026-04-07 04:49:01",2026-04-08,2026-04-08,Delivered,67999.00,0,COD
901-8600621-5954691,9,9,17,"2026-04-30 17:09:01",2026-05-07,NULL,In_Transit,6597.00,0,COD
902-7386030-8862099,10,12,5,"2026-08-10 16:41:01",2026-08-12,2026-08-12,Delivered,67999.00,0,UPI
903-4702350-4398989,27,3,22,"2026-06-14 18:07:01",2026-06-16,2026-06-15,Delivered,1461.45,0,UPI
903-5821844-1016795,17,1,24,"2026-08-06 10:31:01",2026-08-08,2026-08-08,Delivered,97794.66,0,COD
903-9469249-1253793,13,11,17,"2026-04-27 19:43:01",2026-04-30,2026-04-29,Delivered,447.00,0,UPI
903-9483538-1298525,14,12,28,"2025-12-07 13:49:01",2025-12-09,2025-12-09,Delivered,67999.00,0,UPI
904-5573270-8736732,31,6,4,"2026-04-19 16:34:01",2026-04-26,NULL,In_Transit,1250.75,1,COD
904-6326547-3505490,25,5,12,"2026-07-08 11:05:01",2026-07-11,2026-07-14,Delivered,16998.00,0,Credit_Card
907-1492727-6229905,30,20,18,"2026-08-16 04:01:01",2026-08-23,2026-08-25,Delivered,7999.00,0,Net_Banking
907-8839145-6977019,29,11,18,"2026-08-15 09:51:01",2026-08-18,NULL,Cancelled,149.00,0,Debit_Card
908-6833522-5899816,32,6,28,"2025-10-30 04:04:01",2025-11-04,2025-11-07,Delivered,3752.25,0,Wallet
908-8054168-3006534,31,3,14,"2026-02-13 19:41:01",2026-02-18,2026-02-17,Delivered,1461.45,0,Debit_Card
909-6845005-5928413,32,7,5,"2025-11-10 20:31:01",2025-11-13,NULL,Processing,798.00,0,Credit_Card
912-6657482-4925909,12,4,28,"2026-07-20 08:46:01",2026-07-27,2026-07-26,Delivered,3289.99,0,UPI
913-1375814-5471693,15,7,13,"2026-08-03 14:02:01",2026-08-04,2026-08-04,Delivered,798.00,0,COD
914-1788954-7512478,15,13,28,"2025-09-12 18:10:01",2025-09-19,NULL,Processing,5499.00,0,Debit_Card
916-1281197-4920379,4,3,10,"2026-07-30 23:16:01",2026-07-31,2026-07-31,Delivered,974.30,0,UPI
916-7130349-7153724,16,17,1,"2026-05-02 04:31:01",2026-05-07,2026-05-07,Delivered,1298.00,0,UPI
917-5073865-5847419,14,2,9,"2026-07-04 21:49:01",2026-07-06,2026-07-05,Delivered,52893.04,0,Debit_Card
917-7564756-9296659,17,7,13,"2026-08-03 21:29:01",2026-08-10,2026-08-11,Delivered,1197.00,0,UPI
918-5998714-1444873,24,16,2,"2026-03-12 00:06:01",2026-03-13,2026-03-14,Delivered,38997.00,0,UPI
918-8071409-2807523,26,13,7,"2026-07-29 09:44:01",2026-07-30,2026-08-02,Delivered,5499.00,0,COD
919-4604469-3422958,6,19,5,"2026-04-05 14:48:01",2026-04-07,NULL,In_Transit,8697.00,0,COD
919-7360355-8216011,36,1,16,"2026-08-29 07:04:01",2026-08-30,NULL,Cancelled,32598.22,0,UPI
920-2506092-1904920,1,15,15,"2026-05-21 21:56:01",2026-05-24,2026-05-24,Delivered,1699.00,1,Wallet
922-2312762-9892015,21,11,7,"2026-03-08 19:11:01",2026-03-15,2026-03-17,Delivered,447.00,0,Net_Banking
923-9805327-2320752,32,12,11,"2026-07-05 05:06:01",2026-07-10,2026-07-13,Delivered,67999.00,0,Wallet
927-6063302-1492529,24,16,2,"2026-08-28 18:36:01",2026-09-04,2026-09-04,Delivered,38997.00,0,Credit_Card
928-1580336-6039372,25,8,28,"2026-06-07 21:01:01",2026-06-08,2026-06-07,Delivered,4599.50,0,Wallet
928-2898376-3651501,34,7,2,"2026-05-24 08:36:01",2026-05-29,2026-05-31,Delivered,399.00,0,Debit_Card
928-8529099-4788363,24,15,23,"2026-05-22 03:21:01",2026-05-24,NULL,In_Transit,5097.00,0,Credit_Card
930-2793773-3057928,22,1,17,"2026-01-09 11:37:01",2026-01-16,2026-01-17,Delivered,97794.66,0,COD
930-6216015-2170865,37,4,4,"2026-08-18 15:09:01",2026-08-23,2026-08-26,Delivered,6579.98,0,UPI
930-6683114-4487448,2,2,4,"2026-07-24 08:57:01",2026-07-31,2026-07-30,Delivered,105786.08,0,UPI
932-6616671-4096778,34,5,15,"2025-12-02 02:40:01",2025-12-05,2025-12-04,Delivered,8499.00,0,Net_Banking
933-5324829-6617274,28,11,17,"2026-05-19 09:02:01",2026-05-22,2026-05-25,Delivered,298.00,0,COD
933-9294687-8455525,16,9,26,"2026-08-23 13:47:01",2026-08-25,NULL,Processing,2199.00,0,UPI
934-1690919-6422701,32,3,6,"2026-07-11 05:18:01",2026-07-16,2026-07-17,Delivered,1461.45,0,Debit_Card
936-1747561-6631219,36,11,28,"2026-08-04 00:20:01",2026-08-11,2026-08-12,Delivered,149.00,0,UPI
936-4988837-4841531,33,15,9,"2026-07-20 11:03:01",2026-07-25,2026-07-27,Delivered,3398.00,0,COD
936-9590243-9855433,3,7,14,"2026-06-03 00:25:01",2026-06-06,2026-06-06,Delivered,1197.00,1,UPI
937-7816742-9971590,29,12,21,"2026-07-30 19:58:01",2026-08-01,2026-07-31,Returned,135998.00,0,Debit_Card
937-9690160-1330572,12,7,23,"2025-12-02 19:23:01",2025-12-03,2025-12-06,Delivered,1197.00,0,COD
938-1693786-6325152,30,18,4,"2026-08-20 22:43:01",2026-08-27,2026-08-27,Delivered,599.00,0,UPI
938-4140169-9545309,29,14,6,"2025-10-15 13:27:01",2025-10-16,2025-10-17,Returned,875.50,0,Credit_Card
938-8092328-2302604,15,8,22,"2026-03-03 12:37:01",2026-03-04,2026-03-06,Returned,9199.00,1,UPI
939-1767877-6646632,36,11,29,"2026-07-02 21:48:01",2026-07-04,2026-07-05,Delivered,298.00,0,Credit_Card
940-7361518-7587805,22,11,26,"2025-09-25 13:27:01",2025-09-26,2025-09-28,Delivered,298.00,0,Debit_Card
941-5935629-9434771,2,8,25,"2026-08-25 23:00:01",2026-08-28,NULL,Shipped,4599.50,0,UPI
941-8167289-2590975,20,19,7,"2026-04-30 20:47:01",2026-05-02,2026-05-05,Delivered,5798.00,0,UPI
943-6021640-9803909,9,4,4,"2026-08-28 18:38:01",2026-09-04,NULL,Cancelled,3289.99,0,UPI
945-3321063-5232802,24,10,20,"2026-05-24 18:25:01",2026-05-31,2026-06-01,Delivered,1799.98,0,Debit_Card
945-4247562-9877454,34,6,26,"2026-06-29 02:59:01",2026-07-06,2026-07-09,Delivered,2501.50,0,UPI
948-9405326-8585239,17,11,13,"2026-06-10 07:26:01",2026-06-12,NULL,Processing,149.00,0,COD
949-3890863-7980493,37,5,15,"2026-01-05 00:37:01",2026-01-10,2026-01-11,Delivered,25497.00,0,Wallet
949-4862482-3831546,12,10,17,"2026-08-11 03:48:01",2026-08-12,2026-08-13,Delivered,899.99,0,UPI
949-4917467-4111126,17,2,4,"2026-07-22 04:22:01",2026-07-24,2026-07-23,Delivered,52893.04,0,UPI
949-8357685-3301140,34,8,10,"2026-02-19 00:13:01",2026-02-22,2026-02-25,Delivered,9199.00,1,Wallet
950-5696637-7953304,12,4,28,"2026-07-18 06:26:01",2026-07-20,NULL,Cancelled,6579.98,0,UPI
951-1711428-6019512,23,2,23,"2026-04-24 11:50:01",2026-05-01,2026-05-03,Delivered,158679.12,0,Wallet
952-7763843-9230397,13,17,8,"2026-05-11 10:57:01",2026-05-12,2026-05-15,Delivered,649.00,0,Credit_Card
953-4813448-3460606,4,14,1,"2026-08-23 13:02:01",2026-08-24,NULL,Processing,875.50,0,COD
954-7313723-6946963,8,1,14,"2026-08-06 19:00:01",2026-08-13,2026-08-15,Delivered,32598.22,0,Net_Banking
955-1844974-6554541,33,4,13,"2026-08-24 15:51:01",2026-08-26,2026-08-26,Delivered,6579.98,0,UPI
955-2398078-9315064,7,20,16,"2026-05-22 06:26:01",2026-05-24,2026-05-26,Delivered,15998.00,0,UPI
956-9328739-7955663,4,3,10,"2026-05-27 03:31:01",2026-05-30,2026-06-01,Delivered,974.30,0,UPI
958-7134071-5907038,28,16,24,"2026-06-03 09:37:01",2026-06-08,2026-06-11,Delivered,12999.00,0,COD
961-1338906-3854311,19,9,19,"2025-09-15 19:42:01",2025-09-20,NULL,In_Transit,2199.00,0,UPI
961-4247240-9385081,24,2,21,"2026-08-26 05:50:01",2026-08-27,2026-08-29,Delivered,52893.04,0,UPI
964-9282890-7484101,34,1,21,"2026-05-16 01:06:01",2026-05-18,2026-05-21,Delivered,65196.44,0,COD
965-3936830-7705449,30,10,8,"2026-01-03 10:28:01",2026-01-06,2026-01-06,Delivered,899.99,0,Debit_Card
966-6793030-3982137,30,13,29,"2026-08-19 00:55:01",2026-08-20,NULL,In_Transit,5499.00,0,Debit_Card
968-8631104-4109987,8,18,26,"2026-02-11 18:57:01",2026-02-13,2026-02-12,Returned,1198.00,0,UPI
973-3270571-4151019,40,19,18,"2026-06-21 09:37:01",2026-06-26,2026-06-29,Delivered,8697.00,0,COD
973-5447822-6035123,13,18,16,"2026-05-29 09:13:01",2026-06-03,2026-06-03,Delivered,1797.00,0,COD
973-5805228-7824879,8,14,24,"2026-02-19 01:31:01",2026-02-21,2026-02-24,Delivered,875.50,0,Credit_Card
974-1501195-4260183,26,3,22,"2026-08-07 12:53:01",2026-08-12,2026-08-14,Delivered,487.15,0,Debit_Card
975-5207550-4783065,28,5,3,"2026-07-17 22:50:01",2026-07-19,2026-07-22,Delivered,16998.00,0,UPI
976-5894663-8169493,15,8,23,"2026-01-25 13:35:01",2026-01-27,2026-01-30,Delivered,13798.50,0,COD
976-8028140-9830766,23,18,20,"2026-02-09 07:28:01",2026-02-11,2026-02-13,Delivered,1198.00,1,UPI
977-1968520-6526327,30,18,7,"2026-05-07 20:52:01",2026-05-14,2026-05-13,Delivered,1797.00,0,UPI
977-8377296-2551076,17,10,8,"2026-03-07 15:22:01",2026-03-12,NULL,Shipped,1799.98,0,COD
979-3477731-5015254,17,14,7,"2026-08-28 17:33:01",2026-08-29,NULL,Shipped,875.50,0,UPI
979-7266987-5961980,27,14,13,"2026-08-16 04:13:01",2026-08-17,2026-08-19,Delivered,2626.50,0,Debit_Card
979-8810426-4671085,18,20,14,"2026-08-14 21:07:01",2026-08-17,NULL,Processing,15998.00,0,COD
980-6869426-3945719,28,9,2,"2026-08-29 11:37:01",2026-09-05,2026-09-04,Delivered,2199.00,0,Debit_Card
981-1052401-1814558,18,19,7,"2026-08-10 02:30:01",2026-08-12,2026-08-13,Delivered,2899.00,0,UPI
981-5605903-6593393,23,20,8,"2026-05-14 09:01:01",2026-05-17,2026-05-18,Delivered,7999.00,0,COD
982-2751591-1269533,23,15,1,"2025-12-13 14:07:01",2025-12-18,2025-12-21,Delivered,5097.00,0,Credit_Card
983-9274493-6855215,20,11,4,"2026-08-09 06:49:01",2026-08-11,NULL,In_Transit,298.00,0,Net_Banking
984-2134072-7132991,2,3,13,"2026-01-29 13:19:01",2026-02-01,2026-01-31,Delivered,487.15,0,UPI
985-6175385-9321867,36,15,26,"2026-06-03 14:59:01",2026-06-06,NULL,Processing,5097.00,0,Debit_Card
986-9005606-5420536,32,10,28,"2026-08-25 17:24:01",2026-09-01,2026-09-01,Delivered,899.99,0,Credit_Card
987-9927956-1014204,2,4,20,"2026-02-08 13:05:01",2026-02-13,NULL,Shipped,3289.99,0,UPI
989-8689799-3750982,39,19,19,"2026-05-12 07:54:01",2026-05-19,2026-05-22,Delivered,2899.00,0,UPI
991-1037371-1427088,9,20,7,"2026-07-26 07:25:01",2026-07-29,2026-07-31,Delivered,23997.00,0,COD
992-2742919-9925357,16,19,13,"2026-05-02 02:20:01",2026-05-03,2026-05-03,Delivered,2899.00,0,Credit_Card
993-6793545-3149984,11,12,7,"2026-07-08 13:05:01",2026-07-15,2026-07-16,Delivered,203997.00,0,Wallet
994-8265232-1491101,35,2,27,"2026-07-09 19:11:01",2026-07-10,2026-07-10,Delivered,158679.12,0,Net_Banking
996-1755549-4878302,37,5,12,"2026-07-12 16:01:01",2026-07-14,NULL,Cancelled,8499.00,0,COD
996-5193917-4086055,13,12,24,"2026-05-06 10:59:01",2026-05-07,NULL,Cancelled,135998.00,0,Credit_Card
997-5220670-4183241,15,15,19,"2026-08-29 08:39:01",2026-09-01,NULL,Processing,5097.00,0,COD
999-9869570-9374027,28,14,11,"2026-05-28 22:30:01",2026-05-29,2026-05-28,Delivered,875.50,0,Wallet
