delivery_id,shipment_id,partner_id,attempt_number,delivery_status,delivery_timestamp,customer_pincode
1,1,25,1,Delivered,"2026-02-01 14:13:01",483422
2,2,13,1,Delivered,"2026-08-25 01:25:01",337353
3,3,15,1,Delivered,"2026-03-31 13:27:01",224802
4,4,23,1,Delivered,"2026-08-20 17:04:01",106745
5,5,9,1,Delivered,"2026-05-11 12:05:01",723285
6,6,25,1,Failed_Attempt,"2026-08-14 20:01:01",606471
7,6,25,2,Failed_Attempt,"2026-08-15 20:01:01",606471
8,6,25,3,RTO,"2026-08-17 20:01:01",606471
9,7,6,1,Delivered,"2026-07-01 07:25:01",683640
10,8,10,1,Delivered,"2026-08-26 10:31:01",163602
11,9,4,1,Delivered,"2026-06-29 20:22:01",688971
12,10,4,1,Delivered,"2026-07-05 13:38:01",477552
13,11,29,1,Delivered,"2026-07-02 00:24:01",569280
14,12,25,1,Delivered,"2026-08-31 13:23:01",543597
15,13,28,1,Delivered,"2026-08-23 00:39:01",171626
16,14,16,1,Delivered,"2026-05-20 20:20:01",755427
17,15,26,1,Failed_Attempt,"2026-08-19 23:25:01",150359
18,15,26,2,Delivered,"2026-08-21 00:25:01",150359
19,16,4,1,Delivered,"2026-08-10 12:37:01",459340
20,17,24,1,Delivered,"2026-06-19 01:40:01",244820
21,18,15,1,Delivered,"2026-04-03 19:01:01",690717
22,19,12,1,Failed_Attempt,"2026-06-02 13:24:01",716934
23,19,12,2,Failed_Attempt,"2026-06-03 15:24:01",716934
24,19,12,3,RTO,"2026-06-05 15:24:01",716934
25,20,28,1,Delivered,"2026-08-02 10:58:01",240056
26,21,20,1,Delivered,"2025-10-19 17:45:01",382974
27,22,27,1,Delivered,"2026-08-29 22:21:01",153256
28,23,17,1,Delivered,"2026-05-09 17:44:01",690629
29,24,24,1,Failed_Attempt,"2026-05-23 15:43:01",336506
30,24,24,2,Delivered,"2026-05-24 15:43:01",336506
31,25,8,1,Delivered,"2026-08-04 17:06:01",153972
32,26,19,1,Failed_Attempt,"2026-01-22 23:54:01",802743
33,26,19,2,Delivered,"2026-01-23 23:54:01",802743
34,27,10,1,Delivered,"2026-02-28 18:27:01",788982
35,28,30,1,Delivered,"2026-06-29 10:09:01",650386
36,29,27,1,Delivered,"2026-05-23 07:39:01",597122
37,30,17,1,Delivered,"2026-06-13 23:51:01",311457
38,31,8,1,Delivered,"2026-08-08 02:21:01",699554
39,32,22,1,Delivered,"2026-03-09 16:20:01",258829
40,33,19,1,Delivered,"2025-12-30 11:31:01",581842
41,34,30,1,Delivered,"2026-05-27 12:45:01",622816
42,35,13,1,Failed_Attempt,"2026-05-15 16:34:01",766070
43,35,13,2,Failed_Attempt,"2026-05-16 18:34:01",766070
44,35,13,3,RTO,"2026-05-18 18:34:01",766070
45,36,4,1,Delivered,"2026-04-10 15:43:01",857593
46,37,10,1,Delivered,"2026-04-04 04:07:01",285615
47,38,21,1,Delivered,"2026-08-25 03:02:01",287852
48,39,2,1,Delivered,"2025-12-13 13:45:01",777611
49,40,10,1,Delivered,"2026-08-24 19:30:01",128626
50,41,19,1,Delivered,"2026-08-07 23:27:01",864268
51,42,9,1,Delivered,"2026-06-01 22:35:01",139929
52,43,27,1,Delivered,"2026-08-26 09:04:01",178598
53,44,16,1,Delivered,"2026-04-07 16:41:01",229584
54,45,15,1,Delivered,"2026-04-11 13:12:01",237388
55,46,10,1,Delivered,"2026-01-15 03:04:01",558346
56,47,12,1,Failed_Attempt,"2026-03-29 14:56:01",876320
57,47,12,2,Delivered,"2026-03-30 14:56:01",876320
58,48,29,1,Delivered,"2026-07-27 02:54:01",418372
59,49,30,1,Delivered,"2026-01-30 22:28:01",718058
60,50,24,1,Delivered,"2026-08-16 01:39:01",171639
61,51,24,1,Delivered,"2026-04-21 02:10:01",779886
62,52,2,1,Delivered,"2026-07-09 14:52:01",724586
63,53,23,1,Delivered,"2026-05-29 07:01:01",652813
64,54,24,1,Failed_Attempt,"2026-06-17 08:05:01",625749
65,54,24,2,Delivered,"2026-06-18 11:05:01",625749
66,55,15,1,Failed_Attempt,"2026-04-16 20:14:01",406358
67,55,15,2,Delivered,"2026-04-17 21:14:01",406358
68,56,15,1,Delivered,"2026-02-01 12:37:01",396897
69,57,6,1,Failed_Attempt,"2026-06-08 03:54:01",882299
70,57,6,2,Delivered,"2026-06-09 06:54:01",882299
71,58,14,1,Delivered,"2026-03-08 05:20:01",468935
72,59,19,1,Failed_Attempt,"2026-08-14 02:01:01",738445
73,59,19,2,Delivered,"2026-08-15 03:01:01",738445
74,60,17,1,Delivered,"2026-06-05 01:13:01",606002
75,61,16,1,Delivered,"2026-08-26 14:33:01",235804
76,62,24,1,Delivered,"2026-05-17 19:30:01",552985
77,63,26,1,Delivered,"2025-10-21 05:31:01",753298
78,64,30,1,Delivered,"2026-07-08 06:14:01",339774
79,65,16,1,Delivered,"2026-07-12 07:49:01",215347
80,66,28,1,Delivered,"2026-03-05 13:13:01",172431
81,67,30,1,Delivered,"2026-02-22 21:42:01",706636
82,68,27,1,Delivered,"2026-06-03 10:19:01",587356
83,69,7,1,Delivered,"2026-08-12 15:05:01",438136
84,70,28,1,Delivered,"2026-08-26 04:03:01",423406
85,71,18,1,Delivered,"2026-07-05 10:44:01",657851
86,72,23,1,Delivered,"2026-08-22 04:30:01",642816
87,73,26,1,Delivered,"2026-08-22 00:29:01",395835
88,74,28,1,Delivered,"2026-01-27 03:35:01",152887
89,75,17,1,Failed_Attempt,"2026-08-30 12:54:01",320433
90,75,17,2,Delivered,"2026-08-31 15:54:01",320433
91,76,27,1,Delivered,"2026-03-28 00:59:01",819232
92,77,11,1,Delivered,"2026-04-12 12:45:01",614168
93,78,11,1,Delivered,"2026-08-21 07:05:01",125234
94,79,16,1,Delivered,"2026-01-18 13:34:01",378633
95,80,8,1,Delivered,"2026-07-26 09:19:01",352691
96,81,5,1,Delivered,"2026-07-30 16:42:01",512577
97,82,24,1,Failed_Attempt,"2026-03-17 19:27:01",847727
98,82,24,2,Delivered,"2026-03-18 19:27:01",847727
99,83,13,1,Delivered,"2026-03-30 01:09:01",569054
100,84,21,1,Delivered,"2026-02-03 00:34:01",371455
101,85,26,1,Delivered,"2026-06-30 16:09:01",617035
102,86,19,1,Delivered,"2026-02-22 07:57:01",863310
103,87,18,1,Delivered,"2026-08-12 16:33:01",143462
104,88,3,1,Delivered,"2026-08-08 18:07:01",322977
105,89,20,1,Failed_Attempt,"2026-06-27 11:34:01",730826
106,89,20,2,Failed_Attempt,"2026-06-28 14:34:01",730826
107,89,20,3,Delivered,"2026-06-29 17:34:01",730826
108,90,12,1,Delivered,"2026-06-23 15:46:01",641264
109,91,17,1,Delivered,"2026-08-11 05:19:01",309785
110,92,29,1,Delivered,"2026-05-24 12:46:01",206959
111,93,23,1,Failed_Attempt,"2026-04-22 15:26:01",287771
112,93,23,2,Delivered,"2026-04-23 17:26:01",287771
113,94,22,1,Delivered,"2026-08-18 14:38:01",843596
114,95,22,1,Delivered,"2026-08-20 09:58:01",294188
115,96,25,1,Delivered,"2026-07-08 20:15:01",833996
116,97,19,1,Delivered,"2026-02-15 19:35:01",156829
117,98,8,1,Delivered,"2026-06-11 17:04:01",661860
118,99,4,1,Delivered,"2025-10-08 01:00:01",234858
119,100,16,1,Delivered,"2026-08-21 20:32:01",483885
120,101,23,1,Delivered,"2026-07-28 22:14:01",260501
121,102,4,1,Delivered,"2025-12-23 00:03:01",455320
122,103,19,1,Delivered,"2026-08-21 06:27:01",595222
123,104,19,1,Delivered,"2026-05-09 18:44:01",410334
124,105,21,1,Delivered,"2025-11-11 17:49:01",403803
125,106,1,1,Delivered,"2026-07-21 06:23:01",498411
126,107,14,1,Delivered,"2026-04-19 01:53:01",633344
127,108,2,1,Delivered,"2025-11-28 00:15:01",368978
128,109,17,1,Delivered,"2026-05-19 12:44:01",539860
129,110,8,1,Failed_Attempt,"2026-06-02 01:27:01",531890
130,110,8,2,Delivered,"2026-06-03 01:27:01",531890
131,111,16,1,Delivered,"2026-07-13 19:42:01",175476
132,112,13,1,Delivered,"2026-08-17 18:34:01",268781
133,113,1,1,Delivered,"2026-03-09 22:06:01",112506
134,114,6,1,Delivered,"2026-08-05 22:46:01",733510
135,115,1,1,Delivered,"2026-08-10 04:53:01",588447
136,116,18,1,Delivered,"2026-05-24 10:52:01",717768
137,117,21,1,Delivered,"2026-07-15 23:11:01",214954
138,118,24,1,Delivered,"2026-02-08 04:51:01",539725
139,119,19,1,Delivered,"2026-08-25 02:25:01",461191
140,120,20,1,Failed_Attempt,"2026-04-11 05:04:01",804271
141,120,20,2,Delivered,"2026-04-12 06:04:01",804271
142,121,10,1,Delivered,"2026-07-22 16:22:01",336269
143,122,13,1,Failed_Attempt,"2026-04-01 21:16:01",634537
144,122,13,2,Delivered,"2026-04-03 00:16:01",634537
145,123,9,1,Delivered,"2026-08-26 13:35:01",416215
146,124,15,1,Delivered,"2026-08-10 14:32:01",186901
147,125,13,1,Delivered,"2026-04-07 01:38:01",539228
148,126,19,1,Failed_Attempt,"2026-03-19 06:58:01",745327
149,126,19,2,Delivered,"2026-03-20 09:58:01",745327
150,127,8,1,Delivered,"2026-06-22 09:51:01",758284
151,128,3,1,Delivered,"2026-03-11 12:53:01",179227
152,129,22,1,Delivered,"2026-01-31 06:30:01",597297
153,130,21,1,Delivered,"2025-11-20 05:12:01",861461
154,131,11,1,Delivered,"2026-04-30 09:21:01",712988
155,132,25,1,Delivered,"2026-01-15 23:09:01",323343
156,133,9,1,Failed_Attempt,"2026-07-29 12:26:01",875882
157,133,9,2,Delivered,"2026-07-30 13:26:01",875882
158,134,17,1,Delivered,"2026-06-08 02:59:01",543748
159,135,13,1,Failed_Attempt,"2026-04-16 07:08:01",550835
160,135,13,2,Delivered,"2026-04-17 07:08:01",550835
161,136,16,1,Delivered,"2026-07-06 17:15:01",515755
162,137,4,1,Delivered,"2026-08-18 09:48:01",559586
163,138,5,1,Delivered,"2025-11-12 05:32:01",561452
164,139,8,1,Delivered,"2026-08-07 02:05:01",163272
165,140,25,1,Delivered,"2026-08-28 03:36:01",794120
166,141,1,1,Delivered,"2026-07-20 04:35:01",152410
167,142,2,1,Delivered,"2026-08-08 12:20:01",834129
168,143,17,1,Delivered,"2026-04-06 13:50:01",304788
169,144,13,1,Delivered,"2026-01-25 19:23:01",869528
170,145,1,1,Delivered,"2026-05-22 17:20:01",591572
171,146,8,1,Delivered,"2026-06-29 03:03:01",873576
172,147,25,1,Delivered,"2026-03-04 19:37:01",773945
173,148,19,1,Failed_Attempt,"2026-08-29 20:53:01",290899
174,148,19,2,Delivered,"2026-08-30 23:53:01",290899
175,149,3,1,Delivered,"2026-05-10 09:55:01",790583
176,150,12,1,Failed_Attempt,"2026-03-16 09:21:01",475403
177,150,12,2,Delivered,"2026-03-17 12:21:01",475403
178,151,3,1,Delivered,"2026-08-10 18:34:01",255297
179,152,28,1,Failed_Attempt,"2026-04-29 04:47:01",306921
180,152,28,2,Failed_Attempt,"2026-04-30 04:47:01",306921
181,152,28,3,Delivered,"2026-05-01 06:47:01",306921
182,153,12,1,Delivered,"2026-04-13 01:43:01",560563
183,154,16,1,Delivered,"2026-01-11 22:03:01",258785
184,155,7,1,Delivered,"2026-07-08 17:10:01",892138
185,156,15,1,Delivered,"2026-08-29 08:22:01",519680
186,157,29,1,Failed_Attempt,"2025-11-07 14:42:01",439190
187,157,29,2,Delivered,"2025-11-08 16:42:01",439190
188,158,7,1,Failed_Attempt,"2026-07-11 22:33:01",236841
189,158,7,2,Failed_Attempt,"2026-07-13 01:33:01",236841
190,158,7,3,RTO,"2026-07-15 01:33:01",236841
191,159,18,1,Delivered,"2026-02-27 00:10:01",822314
192,160,5,1,Delivered,"2026-08-07 02:04:01",334177
193,161,30,1,Delivered,"2026-02-19 05:59:01",389124
194,162,13,1,Delivered,"2026-03-30 19:23:01",652883
195,163,24,1,Delivered,"2026-01-07 01:13:01",746743
196,164,21,1,Delivered,"2026-07-12 06:34:01",296526
197,165,22,1,Failed_Attempt,"2026-07-27 20:53:01",418215
198,165,22,2,Failed_Attempt,"2026-07-28 23:53:01",418215
199,165,22,3,RTO,"2026-07-30 23:53:01",418215
200,166,30,1,Delivered,"2026-07-14 22:58:01",857534
201,167,1,1,Delivered,"2026-06-02 18:32:01",653925
202,168,14,1,Delivered,"2026-06-11 04:38:01",559318
203,169,5,1,Delivered,"2025-10-23 07:18:01",391190
204,170,8,1,Delivered,"2026-08-04 22:25:01",892228
205,171,23,1,Delivered,"2026-08-20 12:46:01",878182
206,172,14,1,Delivered,"2026-07-27 23:52:01",408283
207,173,7,1,Failed_Attempt,"2026-07-29 18:23:01",219735
208,173,7,2,Delivered,"2026-07-30 21:23:01",219735
209,174,30,1,Delivered,"2026-08-26 09:54:01",675908
210,175,15,1,Delivered,"2026-07-02 08:25:01",476277
211,176,18,1,Delivered,"2026-08-29 01:18:01",362873
212,177,13,1,Delivered,"2025-11-29 01:10:01",102716
213,178,4,1,Delivered,"2026-08-28 19:51:01",128569
214,179,1,1,Delivered,"2026-05-21 14:59:01",780651
215,180,20,1,Delivered,"2025-12-07 21:36:01",718198
216,181,5,1,Failed_Attempt,"2026-03-07 14:18:01",444131
217,181,5,2,Delivered,"2026-03-08 15:18:01",444131
218,182,22,1,Delivered,"2026-06-27 15:28:01",638450
219,183,20,1,Failed_Attempt,"2026-01-30 23:39:01",797856
220,183,20,2,Delivered,"2026-02-01 01:39:01",797856
221,184,29,1,Failed_Attempt,"2026-04-29 20:35:01",145111
222,184,29,2,Delivered,"2026-04-30 22:35:01",145111
223,185,29,1,Delivered,"2026-06-20 23:09:01",744952
224,186,11,1,Delivered,"2025-10-24 23:02:01",419808
225,187,23,1,Delivered,"2026-07-26 06:14:01",493869
226,188,28,1,Delivered,"2026-05-14 06:59:01",743381
227,189,19,1,Delivered,"2026-07-21 02:53:01",677269
228,190,3,1,Delivered,"2026-08-29 23:49:01",331354
229,191,22,1,Delivered,"2026-02-23 21:35:01",571655
230,192,8,1,Delivered,"2026-02-21 01:01:01",673318
231,193,6,1,Delivered,"2026-04-21 00:03:01",532689
232,194,18,1,Failed_Attempt,"2026-02-08 14:16:01",500358
233,194,18,2,Delivered,"2026-02-09 14:16:01",500358
234,195,26,1,Delivered,"2026-08-04 09:02:01",608571
235,196,9,1,Delivered,"2026-08-21 09:38:01",394822
236,197,21,1,Delivered,"2026-03-30 12:58:01",780054
237,198,13,1,Delivered,"2026-05-09 08:39:01",638428
238,199,1,1,Delivered,"2026-07-03 00:45:01",129365
239,200,21,1,Delivered,"2026-08-25 18:51:01",876034
240,201,5,1,Delivered,"2026-07-11 05:18:01",315302
241,202,22,1,Delivered,"2026-06-10 00:42:01",494552
242,203,17,1,Delivered,"2026-08-02 02:07:01",545784
243,204,15,1,Delivered,"2026-05-31 07:12:01",256147
244,205,17,1,Delivered,"2026-05-23 23:15:01",191554
245,206,10,1,Failed_Attempt,"2026-08-27 01:14:01",498894
246,206,10,2,Delivered,"2026-08-28 02:14:01",498894
247,207,7,1,Delivered,"2026-06-12 23:09:01",260593
248,208,3,1,Delivered,"2026-04-06 20:45:01",584184
249,209,19,1,Delivered,"2026-07-30 03:24:01",148555
250,210,12,1,Delivered,"2026-05-27 00:51:01",262817
251,211,26,1,Failed_Attempt,"2026-08-15 20:24:01",256383
252,211,26,2,Failed_Attempt,"2026-08-16 21:24:01",256383
253,211,26,3,RTO,"2026-08-18 21:24:01",256383
254,212,9,1,Delivered,"2026-07-26 17:42:01",416547
255,213,12,1,Delivered,"2026-08-26 22:00:01",862302
256,214,5,1,Failed_Attempt,"2026-05-29 19:17:01",675370
257,214,5,2,Delivered,"2026-05-30 22:17:01",675370
258,215,10,1,Delivered,"2026-08-28 14:13:01",728006
259,216,13,1,Delivered,"2026-05-24 05:59:01",712794
260,217,22,1,Delivered,"2026-08-13 21:24:01",366454
261,218,16,1,Delivered,"2026-06-04 00:30:01",511776
262,219,21,1,Delivered,"2026-08-29 07:41:01",722071
263,220,18,1,Delivered,"2026-07-05 22:58:01",694463
264,221,17,1,Delivered,"2026-06-14 08:48:01",370100
265,222,20,1,Delivered,"2026-08-05 23:55:01",343910
266,223,23,1,Delivered,"2026-05-28 20:01:01",633498
267,224,10,1,Delivered,"2026-06-22 13:15:01",739913
268,225,14,1,Delivered,"2026-05-26 23:36:01",232588
269,226,17,1,Delivered,"2026-04-23 19:32:01",668682
270,227,3,1,Delivered,"2026-08-22 03:10:01",287676
271,228,5,1,Delivered,"2026-08-06 20:48:01",233246
272,229,25,1,Delivered,"2026-08-06 14:57:01",733618
273,230,13,1,Delivered,"2026-03-21 19:20:01",607995
274,231,18,1,Delivered,"2026-01-25 16:50:01",524042
275,232,27,1,Delivered,"2026-02-08 23:45:01",220318
276,233,12,1,Delivered,"2026-05-10 01:51:01",627966
277,234,23,1,Failed_Attempt,"2026-03-10 17:26:01",413003
278,234,23,2,Delivered,"2026-03-11 19:26:01",413003
279,235,26,1,Delivered,"2026-07-20 09:14:01",824752
280,236,14,1,Delivered,"2026-02-26 06:27:01",817412
281,237,28,1,Failed_Attempt,"2026-08-29 03:24:01",669014
282,237,28,2,Failed_Attempt,"2026-08-30 06:24:01",669014
283,237,28,3,RTO,"2026-09-01 06:24:01",669014
284,238,21,1,Delivered,"2026-08-13 07:50:01",588474
285,239,21,1,Delivered,"2026-07-04 18:11:01",207748
286,240,1,1,Delivered,"2025-12-06 03:39:01",429205
287,241,14,1,Delivered,"2026-08-10 16:57:01",395513
288,242,2,1,Delivered,"2026-04-20 02:03:01",584769
289,243,26,1,Delivered,"2026-08-08 02:49:01",325860
290,244,20,1,Delivered,"2026-08-24 06:47:01",445608
291,245,20,1,Delivered,"2026-07-31 03:51:01",787793
292,246,21,1,Delivered,"2026-04-05 13:47:01",112412
293,247,22,1,Delivered,"2026-08-20 10:04:01",774788
294,248,27,1,Delivered,"2026-07-19 16:25:01",896265
295,249,24,1,Delivered,"2026-02-16 22:34:01",618595
296,250,13,1,Failed_Attempt,"2025-11-23 11:07:01",335064
297,250,13,2,Delivered,"2025-11-24 12:07:01",335064
298,251,1,1,Delivered,"2025-12-03 23:03:01",339506
299,252,15,1,Delivered,"2026-07-14 15:57:01",313755
300,253,8,1,Failed_Attempt,"2025-12-06 10:00:01",389760
301,253,8,2,Failed_Attempt,"2025-12-07 13:00:01",389760
302,253,8,3,Delivered,"2025-12-08 15:00:01",389760
303,254,7,1,Delivered,"2026-06-04 12:45:01",594603
304,255,5,1,Delivered,"2026-06-13 19:54:01",438116
305,256,12,1,Delivered,"2026-02-06 14:59:01",632874
306,257,7,1,Delivered,"2025-11-03 03:53:01",727082
307,258,22,1,Delivered,"2026-04-03 02:31:01",258616
308,259,7,1,Delivered,"2026-07-18 19:46:01",878143
309,260,12,1,Delivered,"2026-08-12 10:25:01",417284
310,261,25,1,Delivered,"2026-05-17 16:54:01",405326
311,262,14,1,Delivered,"2026-01-04 03:16:01",856005
312,263,8,1,Delivered,"2026-02-14 13:55:01",513812
313,264,29,1,Delivered,"2026-08-23 23:39:01",663865
314,265,7,1,Delivered,"2026-08-24 04:39:01",545817
315,266,11,1,Delivered,"2026-08-21 14:32:01",560897
316,267,10,1,Delivered,"2026-08-28 04:29:01",890040
317,268,6,1,Delivered,"2026-07-30 03:50:01",311926
318,269,20,1,Delivered,"2026-08-04 06:44:01",211997
319,270,22,1,Delivered,"2026-03-11 14:43:01",598257
320,271,16,1,Delivered,"2026-03-09 11:14:01",514972
321,272,28,1,Delivered,"2026-06-19 08:58:01",708110
322,273,7,1,Delivered,"2026-06-12 06:18:01",225066
323,274,20,1,Delivered,"2026-03-20 16:19:01",801908
324,275,9,1,Delivered,"2026-06-22 15:46:01",723803
325,276,26,1,Delivered,"2026-03-24 23:27:01",246641
326,277,25,1,Delivered,"2026-08-19 09:32:01",511409
327,278,26,1,Delivered,"2026-07-21 19:20:01",895765
328,279,12,1,Failed_Attempt,"2026-04-13 02:17:01",481442
329,279,12,2,Failed_Attempt,"2026-04-14 05:17:01",481442
330,279,12,3,Delivered,"2026-04-15 07:17:01",481442
331,280,12,1,Failed_Attempt,"2026-01-21 18:47:01",350070
332,280,12,2,Delivered,"2026-01-22 18:47:01",350070
333,281,11,1,Delivered,"2026-08-24 05:40:01",412831
334,282,1,1,Delivered,"2026-05-10 15:47:01",704160
335,283,30,1,Delivered,"2026-06-04 01:50:01",119195
336,284,22,1,Failed_Attempt,"2025-12-10 14:44:01",602297
337,284,22,2,Delivered,"2025-12-11 15:44:01",602297
338,285,8,1,Delivered,"2026-05-12 23:04:01",806826
339,286,13,1,Delivered,"2026-07-08 09:18:01",559846
340,287,11,1,Delivered,"2026-07-19 16:15:01",714271
341,288,2,1,Delivered,"2026-07-17 13:59:01",607655
342,289,1,1,Delivered,"2026-08-22 01:36:01",723472
343,290,18,1,Delivered,"2026-08-25 20:52:01",161453
344,291,24,1,Delivered,"2026-05-08 06:48:01",540022
345,292,4,1,Delivered,"2025-11-07 14:24:01",399839
346,293,21,1,Failed_Attempt,"2026-08-09 10:30:01",338300
347,293,21,2,Delivered,"2026-08-10 13:30:01",338300
348,294,10,1,Delivered,"2025-11-08 12:36:01",161142
349,295,23,1,Delivered,"2026-06-02 08:42:01",495217
350,296,28,1,Delivered,"2026-07-15 01:45:01",888169
351,297,5,1,Delivered,"2026-01-24 13:54:01",511885
352,298,29,1,Delivered,"2026-03-13 07:45:01",505471
353,299,14,1,Delivered,"2026-05-13 04:21:01",481997
354,300,20,1,Delivered,"2026-02-28 07:17:01",116200
355,301,14,1,Delivered,"2026-04-20 01:59:01",270427
356,302,26,1,Delivered,"2026-08-18 14:10:01",443926
357,303,30,1,Delivered,"2025-10-23 05:42:01",278396
358,304,29,1,Delivered,"2026-01-05 09:07:01",460852
359,305,15,1,Delivered,"2026-07-31 13:49:01",307254
360,306,21,1,Delivered,"2026-08-14 06:12:01",413655
361,307,24,1,Delivered,"2026-07-13 07:57:01",778418
362,308,22,1,Failed_Attempt,"2026-07-18 00:43:01",148504
363,308,22,2,Delivered,"2026-07-19 00:43:01",148504
364,309,27,1,Delivered,"2025-11-16 15:53:01",756181
365,310,30,1,Delivered,"2026-06-08 12:15:01",575248
366,311,15,1,Delivered,"2026-07-28 07:15:01",539278
367,312,10,1,Delivered,"2026-08-01 20:27:01",850018
368,313,22,1,Delivered,"2025-11-05 04:59:01",633049
369,314,3,1,Delivered,"2026-06-08 21:48:01",292832
370,315,2,1,Delivered,"2026-08-01 07:40:01",196416
371,316,21,1,Delivered,"2026-08-23 23:05:01",256869
372,317,14,1,Delivered,"2026-07-27 22:58:01",553206
373,318,11,1,Delivered,"2026-07-23 02:43:01",659716
374,319,1,1,Delivered,"2026-08-27 18:53:01",852142
375,320,27,1,Failed_Attempt,"2026-05-22 22:05:01",399040
376,320,27,2,Failed_Attempt,"2026-05-24 00:05:01",399040
377,320,27,3,Delivered,"2026-05-25 00:05:01",399040
378,321,1,1,Failed_Attempt,"2026-04-30 19:35:01",705723
379,321,1,2,Delivered,"2026-05-01 19:35:01",705723
380,322,9,1,Failed_Attempt,"2026-04-27 12:36:01",201914
381,322,9,2,Delivered,"2026-04-28 14:36:01",201914
382,323,3,1,Delivered,"2025-12-08 03:34:01",569492
383,324,6,1,Failed_Attempt,"2026-07-24 19:40:01",540743
384,324,6,2,Delivered,"2026-07-25 19:40:01",540743
385,325,4,1,Delivered,"2026-06-08 21:10:01",793575
386,326,22,1,Delivered,"2026-07-24 01:43:01",137135
387,327,20,1,Failed_Attempt,"2025-11-26 20:56:01",335388
388,327,20,2,Delivered,"2025-11-27 21:56:01",335388
389,328,23,1,Delivered,"2026-08-30 03:55:01",552344
390,329,11,1,Delivered,"2026-05-31 18:54:01",110548
391,330,21,1,Delivered,"2026-07-05 22:07:01",139269
392,331,2,1,Failed_Attempt,"2026-05-16 19:12:01",559151
393,331,2,2,Failed_Attempt,"2026-05-17 21:12:01",559151
394,331,2,3,Delivered,"2026-05-18 21:12:01",559151
395,332,15,1,Delivered,"2026-05-01 03:27:01",779605
396,333,4,1,Delivered,"2026-08-22 02:38:01",564487
397,334,14,1,Delivered,"2026-07-31 01:48:01",774566
398,335,28,1,Delivered,"2026-08-13 04:55:01",215501
399,336,9,1,Delivered,"2026-03-19 11:34:01",645695
400,337,26,1,Delivered,"2026-08-15 13:29:01",733322
401,338,17,1,Delivered,"2026-05-25 19:40:01",646504
402,339,26,1,Failed_Attempt,"2026-07-11 01:09:01",697116
403,339,26,2,Failed_Attempt,"2026-07-12 01:09:01",697116
404,339,26,3,Delivered,"2026-07-13 02:09:01",697116
405,340,24,1,Delivered,"2026-07-28 03:59:01",693279
406,341,23,1,Delivered,"2026-05-21 00:59:01",114811
407,342,30,1,Delivered,"2025-12-06 04:37:01",579238
408,343,22,1,Delivered,"2026-03-08 02:50:01",578052
409,344,27,1,Delivered,"2026-03-13 03:22:01",672572
410,345,12,1,Delivered,"2026-08-14 21:22:01",476991
411,346,30,1,Delivered,"2026-08-28 21:04:01",226840
412,347,17,1,Delivered,"2026-07-03 00:11:01",880909
413,348,6,1,Delivered,"2026-06-29 10:30:01",519690
414,349,6,1,Failed_Attempt,"2026-01-18 20:06:01",882849
415,349,6,2,Failed_Attempt,"2026-01-19 21:06:01",882849
416,349,6,3,Delivered,"2026-01-20 21:06:01",882849
417,350,11,1,Delivered,"2026-07-09 08:02:01",505174
418,351,27,1,Delivered,"2026-05-15 11:29:01",806746
419,352,16,1,Delivered,"2026-08-31 18:52:01",394271
420,353,6,1,Delivered,"2026-01-28 22:27:01",811356
421,354,29,1,Delivered,"2026-08-30 07:43:01",442892
422,355,8,1,Failed_Attempt,"2026-08-23 19:21:01",706830
423,355,8,2,Failed_Attempt,"2026-08-24 22:21:01",706830
424,355,8,3,RTO,"2026-08-26 22:21:01",706830
425,356,23,1,Delivered,"2026-06-23 19:23:01",764469
426,357,24,1,Failed_Attempt,"2026-02-28 03:44:01",478377
427,357,24,2,Delivered,"2026-03-01 05:44:01",478377
428,358,13,1,Failed_Attempt,"2026-03-09 04:28:01",329308
429,358,13,2,Delivered,"2026-03-10 04:28:01",329308
430,359,6,1,Delivered,"2026-08-22 22:10:01",456902
431,360,23,1,Delivered,"2026-04-01 00:12:01",767373
432,361,16,1,Delivered,"2026-04-28 12:14:01",249334
433,362,8,1,Delivered,"2026-08-26 03:36:01",896540
434,363,25,1,Delivered,"2026-06-30 13:43:01",408970
435,364,20,1,Failed_Attempt,"2026-05-22 00:47:01",672763
436,364,20,2,Delivered,"2026-05-23 02:47:01",672763
437,365,15,1,Delivered,"2026-04-29 13:16:01",401460
438,366,15,1,Delivered,"2026-07-13 01:15:01",267214
439,367,26,1,Delivered,"2026-08-23 11:52:01",186070
440,368,22,1,Delivered,"2026-08-24 21:48:01",321525
441,369,26,1,Delivered,"2026-07-30 13:35:01",734792
442,370,1,1,Delivered,"2026-06-09 14:55:01",588872
443,371,23,1,Delivered,"2026-09-01 07:29:01",531966
444,372,29,1,Failed_Attempt,"2026-05-16 11:52:01",154811
445,372,29,2,Delivered,"2026-05-17 11:52:01",154811
446,373,24,1,Delivered,"2026-06-30 08:32:01",198316
447,374,17,1,Delivered,"2026-08-15 07:06:01",197704
448,375,30,1,Delivered,"2025-11-15 07:23:01",722643
449,376,23,1,Delivered,"2026-06-02 05:46:01",756399
450,377,27,1,Delivered,"2026-07-09 04:44:01",186845
451,378,12,1,Delivered,"2026-04-17 04:31:01",491575
452,379,5,1,Failed_Attempt,"2026-05-13 11:07:01",670027
453,379,5,2,Delivered,"2026-05-14 14:07:01",670027
454,380,12,1,Delivered,"2026-03-02 06:44:01",415493
455,381,16,1,Delivered,"2026-08-20 21:24:01",841522
456,382,14,1,Delivered,"2026-06-24 02:06:01",781362
457,383,14,1,Failed_Attempt,"2026-07-04 21:53:01",820111
458,383,14,2,Delivered,"2026-07-05 22:53:01",820111
459,384,28,1,Failed_Attempt,"2026-08-08 06:46:01",306661
460,384,28,2,Delivered,"2026-08-09 09:46:01",306661
461,385,19,1,Delivered,"2026-06-25 20:11:01",295932
462,386,7,1,Delivered,"2026-04-18 04:31:01",239923
463,387,4,1,Delivered,"2026-05-31 10:51:01",575011
464,388,20,1,Failed_Attempt,"2026-06-18 04:30:01",441257
465,388,20,2,Delivered,"2026-06-19 06:30:01",441257
466,389,9,1,Delivered,"2025-11-10 00:12:01",708062
467,390,2,1,Delivered,"2026-08-20 06:08:01",262193
468,391,15,1,Failed_Attempt,"2026-08-01 00:50:01",675639
469,391,15,2,Delivered,"2026-08-02 00:50:01",675639
470,392,17,1,Delivered,"2026-07-08 19:36:01",207388
471,393,6,1,Delivered,"2026-07-25 20:22:01",603893
472,394,19,1,Delivered,"2026-04-06 22:55:01",647033
473,395,10,1,Delivered,"2026-07-30 04:54:01",728494
474,396,17,1,Failed_Attempt,"2026-06-10 14:53:01",500070
475,396,17,2,Failed_Attempt,"2026-06-11 16:53:01",500070
476,396,17,3,Delivered,"2026-06-12 19:53:01",500070
477,397,7,1,Delivered,"2026-06-05 02:54:01",200430
478,398,21,1,Delivered,"2026-01-23 09:29:01",255129
479,399,1,1,Delivered,"2026-06-18 22:11:01",410924
480,400,15,1,Delivered,"2026-05-05 23:30:01",817981
481,401,24,1,Delivered,"2026-08-26 05:11:01",768261
482,402,1,1,Delivered,"2026-06-07 13:28:01",115522
483,403,5,1,Delivered,"2026-08-10 04:51:01",307601
484,404,23,1,Delivered,"2026-03-13 20:11:01",640047
485,405,14,1,Delivered,"2026-07-31 03:07:01",822494
486,406,12,1,Delivered,"2026-08-07 10:55:01",847436
487,407,16,1,Failed_Attempt,"2026-08-25 21:59:01",502299
488,407,16,2,Delivered,"2026-08-26 23:59:01",502299
489,408,20,1,Delivered,"2026-07-04 23:06:01",109542
490,409,21,1,Delivered,"2026-07-31 02:38:01",402559
491,410,20,1,Failed_Attempt,"2026-08-10 16:45:01",556903
492,410,20,2,Delivered,"2026-08-11 19:45:01",556903
493,411,4,1,Delivered,"2026-06-15 23:17:01",286607
494,412,19,1,Delivered,"2026-04-25 06:15:01",644705
495,413,10,1,Delivered,"2026-04-07 02:53:01",295524
496,414,25,1,Delivered,"2026-08-18 09:36:01",234449
497,415,12,1,Delivered,"2026-08-08 10:36:01",200178
498,416,30,1,Delivered,"2026-01-09 14:06:01",292501
499,417,3,1,Delivered,"2026-08-30 08:20:01",496046
500,418,21,1,Delivered,"2026-07-08 17:46:01",290776
501,419,15,1,Delivered,"2026-01-04 11:45:01",256714
502,420,13,1,Delivered,"2026-05-07 23:16:01",795346
503,421,30,1,Delivered,"2026-08-08 14:16:01",854440
504,422,11,1,Delivered,"2026-04-07 04:29:01",331239
505,423,29,1,Delivered,"2026-08-19 08:04:01",349583
506,424,25,1,Delivered,"2026-03-26 06:28:01",744330
507,425,8,1,Delivered,"2026-03-31 20:29:01",539113
508,426,5,1,Delivered,"2026-08-01 03:54:01",820318
509,427,16,1,Failed_Attempt,"2026-07-30 20:53:01",265718
510,427,16,2,Delivered,"2026-07-31 20:53:01",265718
511,428,30,1,Delivered,"2026-08-15 12:11:01",738040
512,429,14,1,Delivered,"2026-07-27 21:42:01",745851
513,430,20,1,Delivered,"2026-03-08 17:14:01",887062
514,431,20,1,Delivered,"2025-12-31 18:48:01",675192
515,432,1,1,Delivered,"2026-03-26 22:31:01",552240
516,433,6,1,Delivered,"2026-02-27 13:01:01",783545
517,434,30,1,Delivered,"2026-08-03 08:32:01",735691
518,435,15,1,Delivered,"2026-08-29 20:30:01",443690
519,436,4,1,Delivered,"2026-08-26 22:21:01",169968
520,437,10,1,Delivered,"2026-03-13 19:38:01",586163
521,438,6,1,Delivered,"2026-08-07 05:39:01",688467
522,439,7,1,Failed_Attempt,"2026-05-25 02:45:01",251470
523,439,7,2,Delivered,"2026-05-26 05:45:01",251470
524,440,7,1,Delivered,"2026-03-02 22:58:01",190286
525,441,16,1,Delivered,"2026-08-18 06:44:01",887252
526,442,4,1,Failed_Attempt,"2026-05-02 09:13:01",457439
527,442,4,2,Delivered,"2026-05-03 09:13:01",457439
528,443,7,1,Delivered,"2026-05-10 05:05:01",823278
529,444,29,1,Failed_Attempt,"2026-06-02 17:38:01",297565
530,444,29,2,Delivered,"2026-06-03 18:38:01",297565
531,445,16,1,Delivered,"2026-01-05 08:49:01",883270
532,446,25,1,Delivered,"2025-10-05 22:08:01",814148
533,447,9,1,Delivered,"2026-05-10 10:14:01",734435
534,448,21,1,Delivered,"2026-07-30 07:05:01",853785
535,449,8,1,Delivered,"2026-08-04 23:45:01",366035
536,450,20,1,Delivered,"2026-08-19 15:36:01",632248
537,451,21,1,Delivered,"2026-07-09 16:21:01",419568
538,452,19,1,Delivered,"2026-08-05 12:42:01",627578
539,453,22,1,Failed_Attempt,"2026-06-23 11:04:01",623178
540,453,22,2,Delivered,"2026-06-24 12:04:01",623178
541,454,27,1,Delivered,"2026-08-29 14:20:01",716626
542,455,29,1,Failed_Attempt,"2026-07-10 16:29:01",792234
543,455,29,2,Delivered,"2026-07-11 19:29:01",792234
544,456,2,1,Failed_Attempt,"2026-08-16 10:28:01",586715
545,456,2,2,Delivered,"2026-08-17 11:28:01",586715
546,457,28,1,Delivered,"2026-02-01 06:05:01",456219
547,458,14,1,Delivered,"2026-04-07 20:28:01",549291
548,459,10,1,Delivered,"2026-07-23 04:39:01",643928
549,460,14,1,Delivered,"2026-08-10 15:40:01",117308
550,461,25,1,Delivered,"2026-05-29 12:19:01",255730
551,462,12,1,Failed_Attempt,"2026-05-16 02:11:01",496977
552,462,12,2,Failed_Attempt,"2026-05-17 04:11:01",496977
553,462,12,3,Delivered,"2026-05-18 07:11:01",496977
554,463,20,1,Delivered,"2026-05-30 00:54:01",637299
555,464,22,1,Delivered,"2026-08-21 14:21:01",777788
556,465,28,1,Delivered,"2026-07-29 05:37:01",673607
557,466,24,1,Failed_Attempt,"2026-07-10 06:19:01",768401
558,466,24,2,Delivered,"2026-07-11 08:19:01",768401
559,467,2,1,Delivered,"2026-08-17 11:19:01",135521
560,468,27,1,Delivered,"2026-06-11 19:24:01",652945
561,469,15,1,Delivered,"2026-04-09 23:22:01",162991
562,470,14,1,Failed_Attempt,"2026-05-31 23:50:01",546377
563,470,14,2,Delivered,"2026-06-02 01:50:01",546377
564,471,30,1,Delivered,"2026-03-08 03:36:01",580002
565,472,3,1,Delivered,"2026-04-16 14:58:01",752787
566,473,19,1,Delivered,"2026-07-06 21:25:01",121463
567,474,17,1,Failed_Attempt,"2026-06-30 01:28:01",231523
568,474,17,2,Delivered,"2026-07-01 04:28:01",231523
569,475,25,1,Delivered,"2025-10-29 04:38:01",315659
570,476,18,1,Delivered,"2026-06-10 07:14:01",156139
571,477,19,1,Delivered,"2026-08-06 22:10:01",500655
572,478,26,1,Failed_Attempt,"2026-08-04 15:25:01",524249
573,478,26,2,Delivered,"2026-08-05 16:25:01",524249
574,479,3,1,Delivered,"2026-08-01 13:18:01",584765
575,480,14,1,Delivered,"2026-05-05 12:02:01",398531
576,481,14,1,Delivered,"2026-08-08 23:12:01",836656
577,482,9,1,Delivered,"2026-06-26 07:36:01",724782
578,483,28,1,Delivered,"2026-05-30 06:45:01",747247
579,484,18,1,Delivered,"2026-08-21 01:54:01",168050
580,485,11,1,Delivered,"2026-07-25 16:09:01",493219
581,486,29,1,Delivered,"2026-08-29 13:32:01",662729
582,487,18,1,Delivered,"2026-08-12 14:53:01",873859
583,488,24,1,Delivered,"2026-08-14 14:00:01",699259
584,489,2,1,Delivered,"2026-08-27 13:16:01",859881
585,490,23,1,Delivered,"2026-03-13 01:27:01",304828
586,491,19,1,Failed_Attempt,"2026-06-16 19:01:01",571117
587,491,19,2,Failed_Attempt,"2026-06-17 20:01:01",571117
588,491,19,3,RTO,"2026-06-19 20:01:01",571117
589,492,7,1,Delivered,"2025-10-29 02:52:01",719080
590,493,24,1,Delivered,"2026-04-25 09:51:01",450209
591,494,25,1,Failed_Attempt,"2026-08-05 02:55:01",822425
592,494,25,2,Delivered,"2026-08-06 03:55:01",822425
593,495,24,1,Failed_Attempt,"2026-08-26 01:17:01",462607
594,495,24,2,Failed_Attempt,"2026-08-27 03:17:01",462607
595,495,24,3,RTO,"2026-08-29 03:17:01",462607
596,496,13,1,Delivered,"2025-12-23 21:05:01",640055
597,497,8,1,Delivered,"2025-10-23 14:11:01",183314
598,498,5,1,Delivered,"2026-08-22 04:32:01",255063
599,499,9,1,Delivered,"2026-08-27 16:15:01",873185
600,500,15,1,Delivered,"2026-08-06 14:45:01",167886
601,501,3,1,Delivered,"2026-08-22 06:02:01",548994
602,502,20,1,Delivered,"2026-04-30 00:36:01",370173
603,503,15,1,Failed_Attempt,"2026-07-17 02:04:01",400425
604,503,15,2,Delivered,"2026-07-18 04:04:01",400425
605,504,23,1,Delivered,"2026-08-21 09:44:01",711073
606,505,27,1,Delivered,"2026-08-15 02:24:01",443056
607,506,10,1,Delivered,"2026-06-09 19:16:01",118109
608,507,28,1,Delivered,"2026-08-18 03:42:01",348561
609,508,7,1,Delivered,"2026-08-25 04:24:01",528326
610,509,30,1,Delivered,"2026-03-14 21:16:01",680788
611,510,8,1,Delivered,"2026-07-21 23:03:01",679565
612,511,14,1,Delivered,"2026-08-12 04:38:01",827490
613,512,17,1,Delivered,"2026-04-23 12:50:01",513499
614,513,11,1,Failed_Attempt,"2025-12-18 14:48:01",631600
615,513,11,2,Delivered,"2025-12-19 17:48:01",631600
616,514,10,1,Delivered,"2026-06-02 00:25:01",393858
617,515,27,1,Delivered,"2026-07-06 01:56:01",163289
618,516,2,1,Failed_Attempt,"2026-02-14 17:23:01",344531
619,516,2,2,Delivered,"2026-02-15 19:23:01",344531
620,517,2,1,Delivered,"2026-03-20 17:51:01",147794
621,518,15,1,Delivered,"2026-05-16 18:45:01",260896
622,519,16,1,Delivered,"2026-08-23 15:09:01",508293
623,520,21,1,Delivered,"2026-07-23 00:23:01",735345
624,521,3,1,Delivered,"2026-04-09 11:18:01",319744
625,522,20,1,Delivered,"2026-08-26 15:19:01",333436
626,523,21,1,Delivered,"2026-08-24 16:25:01",121722
627,524,15,1,Delivered,"2026-06-17 21:49:01",816187
628,525,12,1,Delivered,"2026-08-26 03:21:01",798156
629,526,20,1,Delivered,"2026-04-06 03:17:01",647071
630,527,20,1,Failed_Attempt,"2026-06-28 03:54:01",878324
631,527,20,2,Failed_Attempt,"2026-06-29 05:54:01",878324
632,527,20,3,RTO,"2026-07-01 05:54:01",878324
633,528,10,1,Delivered,"2026-04-25 05:51:01",274481
634,529,24,1,Delivered,"2026-07-09 08:47:01",814778
635,530,14,1,Failed_Attempt,"2026-08-21 06:18:01",198989
636,530,14,2,Delivered,"2026-08-22 06:18:01",198989
637,531,6,1,Delivered,"2026-08-08 12:18:01",597015
638,532,29,1,Delivered,"2026-08-20 08:35:01",398004
639,533,29,1,Delivered,"2026-04-28 20:27:01",582358
640,534,29,1,Delivered,"2026-07-26 09:35:01",563611
641,535,5,1,Delivered,"2026-02-02 07:14:01",514220
642,536,20,1,Delivered,"2026-07-18 20:57:01",517909
643,537,24,1,Delivered,"2026-03-13 14:38:01",261589
644,538,28,1,Delivered,"2026-06-30 00:44:01",592825
645,539,21,1,Delivered,"2026-06-28 19:34:01",351419
646,540,21,1,Delivered,"2026-08-17 16:55:01",286852
647,541,26,1,Delivered,"2026-05-27 08:18:01",813036
648,542,30,1,Delivered,"2026-04-29 15:43:01",723549
649,543,11,1,Delivered,"2026-08-15 23:26:01",667120
650,544,13,1,Delivered,"2026-08-12 10:23:01",479940
651,545,4,1,Delivered,"2026-08-29 04:07:01",102036
652,546,15,1,Delivered,"2026-07-07 12:41:01",178876
653,547,13,1,Delivered,"2026-08-12 05:58:01",647927
654,548,8,1,Failed_Attempt,"2026-06-05 14:01:01",226707
655,548,8,2,Failed_Attempt,"2026-06-06 14:01:01",226707
656,548,8,3,Delivered,"2026-06-07 15:01:01",226707
657,549,2,1,Failed_Attempt,"2026-08-23 21:05:01",786409
658,549,2,2,Failed_Attempt,"2026-08-24 23:05:01",786409
659,549,2,3,Delivered,"2026-08-25 23:05:01",786409
660,550,18,1,Delivered,"2026-06-05 14:17:01",377140
661,551,5,1,Delivered,"2026-05-21 21:49:01",515592
662,552,27,1,Delivered,"2026-05-19 12:50:01",254289
663,553,2,1,Delivered,"2026-03-30 01:38:01",188459
664,554,17,1,Delivered,"2026-07-20 13:22:01",684807
665,555,12,1,Delivered,"2026-05-19 15:34:01",495709
666,556,7,1,Delivered,"2026-07-27 22:33:01",762650
667,557,17,1,Failed_Attempt,"2026-01-02 10:40:01",251578
668,557,17,2,Failed_Attempt,"2026-01-03 12:40:01",251578
669,557,17,3,RTO,"2026-01-05 12:40:01",251578
670,558,26,1,Delivered,"2026-03-31 04:50:01",521278
671,559,28,1,Delivered,"2025-11-29 13:55:01",391751
672,560,21,1,Delivered,"2026-08-09 22:00:01",262195
673,561,24,1,Delivered,"2026-08-11 21:49:01",543525
674,562,9,1,Delivered,"2026-08-29 22:50:01",885899
675,563,20,1,Failed_Attempt,"2026-07-14 10:41:01",725645
676,563,20,2,Delivered,"2026-07-15 11:41:01",725645
677,564,16,1,Delivered,"2026-07-15 00:50:01",265016
678,565,14,1,Delivered,"2026-08-28 16:46:01",495112
679,566,1,1,Delivered,"2026-07-01 15:59:01",891997
680,567,25,1,Delivered,"2026-08-23 23:06:01",183817
681,568,2,1,Failed_Attempt,"2026-07-24 07:12:01",475766
682,568,2,2,Delivered,"2026-07-25 09:12:01",475766
683,569,27,1,Delivered,"2025-12-28 21:57:01",663765
684,570,17,1,Delivered,"2026-06-07 01:31:01",811065
685,571,6,1,Delivered,"2026-08-23 13:27:01",226711
686,572,1,1,Delivered,"2026-04-30 04:45:01",210112
687,573,3,1,Delivered,"2026-02-03 06:09:01",325553
688,574,21,1,Delivered,"2026-07-24 09:14:01",734106
689,575,24,1,Delivered,"2026-06-28 12:27:01",697431
690,576,29,1,Delivered,"2026-08-29 18:27:01",223106
691,577,9,1,Delivered,"2026-02-04 04:41:01",207057
692,578,12,1,Delivered,"2026-08-21 05:38:01",594176
693,579,3,1,Delivered,"2026-01-09 01:41:01",795900
694,580,2,1,Delivered,"2026-03-27 09:10:01",267904
695,581,21,1,Delivered,"2026-07-16 05:20:01",855354
696,582,14,1,Delivered,"2026-07-31 05:06:01",746757
697,583,17,1,Delivered,"2025-11-21 22:11:01",516404
698,584,17,1,Delivered,"2026-08-26 10:56:01",234280
699,585,6,1,Failed_Attempt,"2026-08-08 15:38:01",477624
700,585,6,2,Delivered,"2026-08-09 17:38:01",477624
701,586,20,1,Delivered,"2026-08-21 22:12:01",380862
702,587,12,1,Delivered,"2026-08-24 13:16:01",548338
703,588,5,1,Failed_Attempt,"2026-07-24 19:37:01",549172
704,588,5,2,Failed_Attempt,"2026-07-25 21:37:01",549172
705,588,5,3,Delivered,"2026-07-27 00:37:01",549172
706,589,3,1,Delivered,"2026-08-01 04:08:01",837439
707,590,29,1,Delivered,"2026-08-03 01:00:01",144243
708,591,4,1,Delivered,"2026-03-20 18:57:01",861805
709,592,23,1,Delivered,"2025-12-08 20:15:01",311508
710,593,21,1,Delivered,"2026-06-17 03:26:01",356292
711,594,17,1,Delivered,"2026-07-02 15:18:01",534247
712,595,15,1,Delivered,"2026-07-30 14:28:01",235657
713,596,25,1,Delivered,"2026-01-04 07:47:01",172834
714,597,13,1,Delivered,"2026-08-21 20:47:01",265572
715,598,24,1,Delivered,"2026-07-22 05:54:01",520065
716,599,5,1,Delivered,"2026-07-09 16:51:01",563206
717,600,15,1,Delivered,"2026-08-24 16:06:01",453290
718,601,1,1,Delivered,"2026-08-02 04:30:01",143917
719,602,25,1,Delivered,"2025-10-11 21:50:01",628512
720,603,13,1,Delivered,"2026-08-31 23:41:01",484422
721,604,27,1,Delivered,"2025-11-18 01:40:01",395191
722,605,10,1,Delivered,"2026-07-18 09:15:01",292444
723,606,2,1,Delivered,"2026-08-15 03:44:01",324236
724,607,15,1,Delivered,"2026-04-18 06:31:01",184237
725,608,7,1,Delivered,"2026-06-10 19:55:01",160417
726,609,12,1,Delivered,"2026-01-05 08:54:01",246182
727,610,16,1,Delivered,"2026-03-20 06:40:01",737285
728,611,25,1,Delivered,"2026-06-02 00:28:01",674017
729,612,14,1,Failed_Attempt,"2026-02-27 12:19:01",815223
730,612,14,2,Delivered,"2026-02-28 13:19:01",815223
731,613,21,1,Delivered,"2026-07-21 06:57:01",444418
732,614,14,1,Delivered,"2026-07-03 15:15:01",392488
733,615,4,1,Delivered,"2026-05-21 19:43:01",827014
734,616,2,1,Delivered,"2026-07-13 09:15:01",771968
735,617,1,1,Failed_Attempt,"2025-12-14 21:57:01",589603
736,617,1,2,Failed_Attempt,"2025-12-15 22:57:01",589603
737,617,1,3,RTO,"2025-12-17 22:57:01",589603
738,618,16,1,Failed_Attempt,"2026-07-12 18:06:01",697387
739,618,16,2,Delivered,"2026-07-13 21:06:01",697387
740,619,1,1,Delivered,"2026-05-26 07:24:01",845578
741,620,22,1,Delivered,"2026-08-10 22:36:01",256493
742,621,2,1,Delivered,"2026-06-04 05:46:01",553080
743,622,27,1,Delivered,"2026-06-15 23:35:01",665449
744,623,3,1,Delivered,"2026-06-21 08:00:01",340141
745,624,26,1,Delivered,"2026-08-12 12:38:01",805105
746,625,14,1,Delivered,"2026-05-15 17:59:01",175564
747,626,25,1,Failed_Attempt,"2026-07-15 13:15:01",817543
748,626,25,2,Delivered,"2026-07-16 13:15:01",817543
749,627,5,1,Delivered,"2026-07-24 13:02:01",743980
750,628,15,1,Delivered,"2026-02-18 08:30:01",307400
751,629,17,1,Delivered,"2026-08-22 19:58:01",228993
752,630,22,1,Delivered,"2026-08-18 18:22:01",267100
753,631,7,1,Delivered,"2026-08-23 05:54:01",827471
754,632,30,1,Delivered,"2026-06-06 21:10:01",215652
755,633,26,1,Delivered,"2026-07-07 05:45:01",211467
756,634,13,1,Delivered,"2026-08-24 18:20:01",311293
757,635,30,1,Failed_Attempt,"2026-08-04 07:32:01",571948
758,635,30,2,Delivered,"2026-08-05 08:32:01",571948
759,636,24,1,Delivered,"2026-07-23 05:32:01",630292
760,637,8,1,Failed_Attempt,"2026-08-25 06:21:01",390378
761,637,8,2,Failed_Attempt,"2026-08-26 06:21:01",390378
762,637,8,3,Delivered,"2026-08-27 07:21:01",390378
763,638,9,1,Delivered,"2026-08-09 21:16:01",406785
764,639,13,1,Delivered,"2026-06-20 08:08:01",608191
765,640,26,1,Delivered,"2026-02-27 01:10:01",733013
766,641,12,1,Delivered,"2026-05-24 05:42:01",705093
767,642,27,1,Delivered,"2026-06-15 11:44:01",590832
768,643,20,1,Delivered,"2026-05-28 17:47:01",339780
769,644,20,1,Delivered,"2026-07-20 09:01:01",403934
770,645,4,1,Delivered,"2026-08-20 02:09:01",236019
771,646,24,1,Delivered,"2026-08-15 08:42:01",572329
772,647,23,1,Delivered,"2026-08-19 21:55:01",832894
773,648,3,1,Delivered,"2026-05-12 06:55:01",643432
774,649,17,1,Delivered,"2026-08-07 14:44:01",368836
775,650,2,1,Failed_Attempt,"2026-08-27 22:05:01",579885
776,650,2,2,Delivered,"2026-08-29 00:05:01",579885
777,651,2,1,Delivered,"2026-05-10 17:00:01",788168
778,652,29,1,Delivered,"2026-04-11 15:00:01",572914
779,653,23,1,Delivered,"2026-06-21 23:58:01",523641
780,654,14,1,Failed_Attempt,"2026-04-19 12:18:01",252437
781,654,14,2,Delivered,"2026-04-20 12:18:01",252437
782,655,1,1,Delivered,"2026-04-27 08:34:01",280565
783,656,16,1,Delivered,"2026-04-09 08:27:01",828395
784,657,22,1,Delivered,"2026-05-11 06:39:01",606461
785,658,26,1,Delivered,"2026-07-31 23:01:01",730229
786,659,12,1,Delivered,"2026-08-25 22:36:01",318864
787,660,13,1,Delivered,"2026-07-24 09:46:01",579996
788,661,9,1,Delivered,"2026-02-07 08:19:01",410656
789,662,5,1,Delivered,"2026-07-18 12:20:01",478909
790,663,6,1,Failed_Attempt,"2026-04-17 19:55:01",102336
791,663,6,2,Delivered,"2026-04-18 22:55:01",102336
792,664,22,1,Delivered,"2026-03-30 21:53:01",208213
793,665,24,1,Delivered,"2026-04-27 01:48:01",350389
794,666,28,1,Delivered,"2026-06-30 22:36:01",527977
795,667,5,1,Failed_Attempt,"2026-08-31 02:21:01",222427
796,667,5,2,Failed_Attempt,"2026-09-01 05:21:01",222427
797,667,5,3,RTO,"2026-09-03 05:21:01",222427
798,668,25,1,Delivered,"2026-03-05 05:42:01",114318
799,669,21,1,Delivered,"2026-08-28 18:29:01",491569
800,670,23,1,Delivered,"2026-05-29 09:48:01",285164
801,671,7,1,Delivered,"2026-01-30 14:37:01",765990
802,672,4,1,Delivered,"2026-05-31 21:10:01",541757
803,673,20,1,Delivered,"2026-07-25 00:12:01",356155
804,674,25,1,Delivered,"2026-04-17 16:55:01",182984
805,675,23,1,Failed_Attempt,"2026-07-15 05:55:01",755827
806,675,23,2,Delivered,"2026-07-16 08:55:01",755827
807,676,25,1,Delivered,"2026-01-02 04:50:01",605576
808,677,12,1,Delivered,"2026-04-25 15:48:01",558159
809,678,5,1,Delivered,"2026-08-12 01:30:01",830089
810,679,6,1,Delivered,"2025-12-18 14:12:01",549391
811,680,21,1,Delivered,"2026-05-22 00:47:01",340654
812,681,30,1,Delivered,"2026-08-25 15:58:01",563208
813,682,16,1,Delivered,"2026-07-10 21:22:01",453909
814,683,17,1,Delivered,"2026-04-20 13:08:01",156068
815,684,12,1,Failed_Attempt,"2025-12-29 04:19:01",701447
816,684,12,2,Delivered,"2025-12-30 07:19:01",701447
817,685,4,1,Delivered,"2026-08-08 12:46:01",815694
818,686,30,1,Delivered,"2026-01-05 16:34:01",650102
819,687,16,1,Delivered,"2026-08-27 16:25:01",386861
820,688,14,1,Delivered,"2026-06-23 14:42:01",845585
821,689,14,1,Failed_Attempt,"2026-05-24 10:15:01",631662
822,689,14,2,Delivered,"2026-05-25 11:15:01",631662
823,690,8,1,Delivered,"2026-07-29 15:44:01",160163
824,691,18,1,Delivered,"2026-05-30 16:24:01",418505
825,692,12,1,Delivered,"2026-07-31 05:16:01",575372
826,693,4,1,Delivered,"2026-08-18 19:16:01",177543
827,694,18,1,Delivered,"2026-07-18 22:11:01",460612
828,695,17,1,Delivered,"2026-05-03 11:03:01",759818
829,696,10,1,Delivered,"2026-03-28 14:12:01",103862
830,697,10,1,Delivered,"2026-08-03 13:29:01",361355
831,698,8,1,Delivered,"2026-08-28 12:46:01",160862
832,699,12,1,Delivered,"2026-03-23 15:57:01",762764
833,700,29,1,Delivered,"2026-05-04 09:30:01",287891
834,701,13,1,Delivered,"2026-06-06 22:32:01",288666
835,702,20,1,Failed_Attempt,"2026-01-10 23:54:01",624997
836,702,20,2,Delivered,"2026-01-12 02:54:01",624997
837,703,8,1,Delivered,"2026-02-28 16:47:01",214706
838,704,25,1,Failed_Attempt,"2026-07-20 22:17:01",680294
839,704,25,2,Delivered,"2026-07-21 23:17:01",680294
840,705,19,1,Delivered,"2026-08-05 12:05:01",220419
841,706,24,1,Delivered,"2026-08-21 09:00:01",602824
842,707,18,1,Delivered,"2026-06-06 04:21:01",203475
843,708,17,1,Delivered,"2026-07-23 15:26:01",740260
844,709,16,1,Failed_Attempt,"2026-08-10 05:44:01",539037
845,709,16,2,Delivered,"2026-08-11 08:44:01",539037
846,710,30,1,Delivered,"2026-04-29 22:51:01",642684
847,711,15,1,Delivered,"2026-06-07 04:58:01",309325
848,712,9,1,Delivered,"2026-06-30 23:04:01",383055
849,713,8,1,Delivered,"2026-04-27 23:05:01",740084
850,714,25,1,Delivered,"2026-07-28 00:19:01",542139
851,715,21,1,Delivered,"2026-07-12 16:24:01",115383
852,716,8,1,Delivered,"2026-08-29 22:53:01",650246
853,717,13,1,Delivered,"2026-07-25 10:26:01",775140
854,718,9,1,Failed_Attempt,"2026-08-26 14:30:01",123053
855,718,9,2,Delivered,"2026-08-27 17:30:01",123053
856,719,14,1,Delivered,"2026-07-29 10:54:01",463444
857,720,14,1,Delivered,"2025-11-19 05:29:01",175576
858,721,30,1,Delivered,"2026-06-21 22:28:01",358677
859,722,3,1,Delivered,"2026-03-04 22:25:01",784056
860,723,13,1,Failed_Attempt,"2025-09-24 18:05:01",624412
861,723,13,2,Failed_Attempt,"2025-09-25 19:05:01",624412
862,723,13,3,RTO,"2025-09-27 19:05:01",624412
863,724,30,1,Delivered,"2026-04-03 23:16:01",226078
864,725,19,1,Failed_Attempt,"2026-08-18 08:23:01",743878
865,725,19,2,Delivered,"2026-08-19 09:23:01",743878
866,726,25,1,Failed_Attempt,"2026-07-04 10:00:01",822870
867,726,25,2,Delivered,"2026-07-05 11:00:01",822870
868,727,6,1,Delivered,"2026-06-27 02:15:01",221819
869,728,16,1,Delivered,"2026-06-28 21:02:01",217172
870,729,24,1,Delivered,"2026-03-29 18:52:01",227420
871,730,11,1,Delivered,"2026-05-18 01:47:01",572350
872,731,14,1,Delivered,"2026-06-07 03:15:01",254329
873,732,14,1,Delivered,"2025-11-05 04:20:01",854499
874,733,13,1,Delivered,"2026-03-08 23:34:01",184559
875,734,25,1,Delivered,"2026-08-23 12:45:01",281713
876,735,15,1,Failed_Attempt,"2026-08-01 23:50:01",479694
877,735,15,2,Failed_Attempt,"2026-08-03 01:50:01",479694
878,735,15,3,RTO,"2026-08-05 01:50:01",479694
879,736,27,1,Delivered,"2026-07-04 14:53:01",545763
880,737,15,1,Failed_Attempt,"2026-02-20 11:59:01",238707
881,737,15,2,Delivered,"2026-02-21 13:59:01",238707
882,738,22,1,Delivered,"2026-08-17 04:22:01",580810
883,739,12,1,Delivered,"2026-06-03 05:20:01",417580
884,740,21,1,Delivered,"2026-06-28 09:59:01",193882
885,741,29,1,Delivered,"2026-05-02 14:02:01",804599
886,742,13,1,Delivered,"2026-05-29 14:43:01",470717
887,743,22,1,Delivered,"2026-04-26 12:59:01",190595
888,744,22,1,Delivered,"2026-05-19 17:47:01",643386
889,745,26,1,Delivered,"2026-08-27 08:57:01",780766
890,746,19,1,Delivered,"2026-07-13 05:33:01",787933
891,747,1,1,Delivered,"2026-06-01 20:33:01",775041
892,748,20,1,Delivered,"2026-05-19 07:47:01",617853
893,749,2,1,Delivered,"2026-08-11 15:18:01",199067
894,750,13,1,Delivered,"2026-07-19 14:59:01",785864
895,751,22,1,Delivered,"2026-05-02 14:34:01",576142
896,752,13,1,Delivered,"2026-08-06 01:57:01",644501
897,753,28,1,Delivered,"2025-12-30 21:52:01",737748
898,754,25,1,Failed_Attempt,"2026-03-28 22:34:01",164648
899,754,25,2,Failed_Attempt,"2026-03-29 22:34:01",164648
900,754,25,3,RTO,"2026-03-31 22:34:01",164648
901,755,20,1,Delivered,"2026-04-15 01:21:01",362627
902,756,7,1,Delivered,"2026-08-20 00:32:01",523970
903,757,19,1,Failed_Attempt,"2026-08-07 01:31:01",238559
904,757,19,2,Delivered,"2026-08-08 03:31:01",238559
905,758,15,1,Delivered,"2026-04-29 18:15:01",463281
906,759,2,1,Delivered,"2026-07-03 19:48:01",574437
907,760,29,1,Failed_Attempt,"2026-04-28 23:26:01",418476
908,760,29,2,Failed_Attempt,"2026-04-30 00:26:01",418476
909,760,29,3,Delivered,"2026-05-01 02:26:01",418476
910,761,13,1,Delivered,"2026-07-08 19:57:01",615223
911,762,17,1,Delivered,"2026-04-26 09:10:01",305651
912,763,20,1,Delivered,"2026-08-29 13:11:01",136876
913,764,8,1,Delivered,"2026-08-29 22:36:01",219838
914,765,5,1,Failed_Attempt,"2026-07-06 01:01:01",300948
915,765,5,2,Delivered,"2026-07-07 04:01:01",300948
916,766,24,1,Delivered,"2026-04-15 22:35:01",815337
917,767,1,1,Delivered,"2026-03-10 17:06:01",586107
918,768,6,1,Delivered,"2026-08-04 05:05:01",481900
919,769,28,1,Delivered,"2026-08-30 02:46:01",378491
920,770,28,1,Delivered,"2026-04-07 09:26:01",872937
921,771,24,1,Delivered,"2026-08-04 21:33:01",310164
922,772,5,1,Delivered,"2026-04-07 11:49:01",568156
923,773,23,1,Delivered,"2026-05-01 20:09:01",761457
924,774,25,1,Delivered,"2026-08-11 16:41:01",688425
925,775,5,1,Delivered,"2026-06-16 02:07:01",394055
926,776,4,1,Delivered,"2026-08-10 00:31:01",844548
927,777,25,1,Delivered,"2026-04-28 08:43:01",852976
928,778,13,1,Delivered,"2025-12-08 09:49:01",115616
929,779,7,1,Delivered,"2026-04-20 22:34:01",660613
930,780,5,1,Delivered,"2026-07-09 15:05:01",310632
931,781,2,1,Delivered,"2026-08-17 09:01:01",853047
932,782,9,1,Delivered,"2025-11-02 09:04:01",661161
933,783,3,1,Delivered,"2026-02-15 17:41:01",623127
934,784,17,1,Delivered,"2026-07-21 11:46:01",450326
935,785,20,1,Delivered,"2026-08-04 03:02:01",211973
936,786,15,1,Delivered,"2026-08-01 14:16:01",830982
937,787,29,1,Delivered,"2026-05-03 17:31:01",889079
938,788,18,1,Failed_Attempt,"2026-07-05 06:49:01",163834
939,788,18,2,Delivered,"2026-07-06 09:49:01",163834
940,789,3,1,Delivered,"2026-08-06 15:29:01",531781
941,790,24,1,Failed_Attempt,"2026-03-12 19:06:01",473947
942,790,24,2,Delivered,"2026-03-13 20:06:01",473947
943,791,15,1,Delivered,"2026-07-30 06:44:01",692197
944,792,20,1,Delivered,"2026-04-06 11:48:01",148769
945,793,2,1,Delivered,"2026-05-22 11:56:01",330537
946,794,12,1,Delivered,"2026-03-09 06:11:01",491582
947,795,8,1,Delivered,"2026-07-05 15:06:01",163182
948,796,20,1,Delivered,"2026-08-29 22:36:01",340233
949,797,23,1,Delivered,"2026-06-10 13:01:01",791591
950,798,17,1,Delivered,"2026-05-27 15:36:01",220539
951,799,19,1,Delivered,"2026-05-22 14:21:01",638940
952,800,4,1,Delivered,"2026-01-10 09:37:01",246200
953,801,21,1,Delivered,"2026-08-21 17:09:01",583748
954,802,10,1,Delivered,"2026-07-27 00:57:01",402185
955,803,29,1,Delivered,"2025-12-04 02:40:01",173308
956,804,30,1,Delivered,"2026-05-19 23:02:01",798821
957,805,17,1,Failed_Attempt,"2026-07-11 21:18:01",247212
958,805,17,2,Delivered,"2026-07-13 00:18:01",247212
959,806,8,1,Failed_Attempt,"2026-08-05 02:20:01",295927
960,806,8,2,Delivered,"2026-08-06 05:20:01",295927
961,807,26,1,Delivered,"2026-07-23 05:03:01",450968
962,808,5,1,Failed_Attempt,"2026-06-04 04:25:01",685080
963,808,5,2,Failed_Attempt,"2026-06-05 06:25:01",685080
964,808,5,3,RTO,"2026-06-07 06:25:01",685080
965,809,30,1,Delivered,"2026-08-02 15:58:01",378795
966,810,10,1,Delivered,"2025-12-03 06:23:01",889678
967,811,29,1,Delivered,"2026-08-22 19:43:01",428438
968,812,6,1,Delivered,"2025-10-16 16:27:01",754374
969,813,15,1,Delivered,"2026-03-04 02:37:01",491981
970,814,1,1,Delivered,"2026-07-06 14:48:01",659452
971,815,22,1,Delivered,"2025-09-26 18:27:01",840990
972,816,23,1,Delivered,"2026-08-27 11:00:01",614732
973,817,23,1,Delivered,"2026-05-02 05:47:01",269275
974,818,13,1,Delivered,"2026-05-25 08:25:01",701085
975,819,12,1,Delivered,"2026-07-02 08:59:01",767683
976,820,13,1,Delivered,"2026-01-06 04:37:01",468943
977,821,9,1,Delivered,"2026-08-12 00:48:01",145204
978,822,13,1,Delivered,"2026-07-25 03:22:01",623661
979,823,30,1,Delivered,"2026-02-20 01:13:01",116003
980,824,16,1,Delivered,"2026-04-25 00:50:01",255420
981,825,17,1,Delivered,"2026-05-12 19:57:01",456367
982,826,18,1,Delivered,"2026-08-07 15:00:01",574551
983,827,16,1,Failed_Attempt,"2026-08-27 01:51:01",165634
984,827,16,2,Failed_Attempt,"2026-08-28 01:51:01",165634
985,827,16,3,Delivered,"2026-08-29 04:51:01",165634
986,828,23,1,Delivered,"2026-05-23 04:26:01",400978
987,829,16,1,Failed_Attempt,"2026-05-27 20:31:01",687187
988,829,16,2,Delivered,"2026-05-28 22:31:01",687187
989,830,19,1,Delivered,"2026-06-04 01:37:01",809063
990,831,25,1,Failed_Attempt,"2025-09-16 07:42:01",154635
991,831,25,2,Failed_Attempt,"2025-09-17 09:42:01",154635
992,831,25,3,Delivered,"2025-09-18 12:42:01",154635
993,832,8,1,Failed_Attempt,"2026-08-27 04:50:01",511442
994,832,8,2,Delivered,"2026-08-28 04:50:01",511442
995,833,12,1,Delivered,"2026-05-17 05:06:01",407117
996,834,25,1,Delivered,"2026-01-03 19:28:01",761246
997,835,14,1,Delivered,"2026-08-20 00:55:01",408766
998,836,28,1,Failed_Attempt,"2026-02-13 00:57:01",747254
999,836,28,2,Failed_Attempt,"2026-02-14 02:57:01",747254
1000,836,28,3,RTO,"2026-02-16 02:57:01",747254
1001,837,29,1,Delivered,"2026-06-23 15:37:01",747087
1002,838,10,1,Failed_Attempt,"2026-06-01 18:13:01",866437
1003,838,10,2,Failed_Attempt,"2026-06-02 20:13:01",866437
1004,838,10,3,RTO,"2026-06-04 20:13:01",866437
1005,839,15,1,Delivered,"2026-02-19 13:31:01",836303
1006,840,5,1,Delivered,"2026-08-08 20:53:01",851166
1007,841,28,1,Delivered,"2026-07-18 13:50:01",648212
1008,842,21,1,Delivered,"2026-01-26 11:35:01",879702
1009,843,1,1,Delivered,"2026-02-11 22:28:01",845622
1010,844,30,1,Delivered,"2026-05-08 07:52:01",225226
1011,845,15,1,Failed_Attempt,"2026-03-08 14:22:01",322804
1012,845,15,2,Delivered,"2026-03-09 15:22:01",322804
1013,846,2,1,Delivered,"2026-08-29 16:33:01",273419
1014,847,20,1,Delivered,"2026-08-17 08:13:01",155016
1015,848,2,1,Delivered,"2026-08-30 16:37:01",708664
1016,849,13,1,Delivered,"2026-08-11 00:30:01",410630
1017,850,14,1,Delivered,"2026-05-15 07:01:01",774419
1018,851,18,1,Delivered,"2025-12-14 18:07:01",685939
1019,852,22,1,Failed_Attempt,"2026-08-09 16:49:01",576519
1020,852,22,2,Failed_Attempt,"2026-08-10 19:49:01",576519
1021,852,22,3,RTO,"2026-08-12 19:49:01",576519
1022,853,28,1,Delivered,"2026-01-30 04:19:01",503202
1023,854,7,1,Delivered,"2026-08-26 15:24:01",148874
1024,855,5,1,Failed_Attempt,"2026-02-09 09:05:01",311338
1025,855,5,2,Delivered,"2026-02-10 11:05:01",311338
1026,856,15,1,Delivered,"2026-05-12 20:54:01",262302
1027,857,16,1,Delivered,"2026-07-28 20:25:01",612158
1028,858,19,1,Delivered,"2026-05-03 11:20:01",794018
1029,859,4,1,Delivered,"2026-07-09 05:05:01",623037
1030,860,3,1,Delivered,"2026-07-11 00:11:01",134405
1031,861,27,1,Delivered,"2026-05-29 09:30:01",149896
