payment_id,order_id,seller_id,payment_amount,payment_method,payment_status,payment_date,settlement_date
1,102-2639436-9116057,39,487.15,COD,Completed,"2026-01-31 09:20:01",2026-02-08
2,102-6370943-9786776,4,447.00,COD,Completed,"2026-08-24 02:29:01",2026-09-03
3,103-2017146-5967617,17,6597.00,UPI,Completed,"2026-03-30 12:36:01",2026-04-01
4,105-5874356-7221367,34,105786.08,UPI,Completed,"2026-08-18 11:15:01",2026-08-20
5,106-4650522-1047346,33,32598.22,UPI,Completed,"2026-05-07 14:08:01",2026-05-09
6,107-1751029-4517750,29,1197.00,Credit_Card,Completed,"2026-08-14 09:09:01",2026-08-16
7,108-1686051-4188399,22,1751.00,Wallet,Completed,"2026-06-30 08:27:01",2026-07-01
8,108-1981522-5667115,11,12999.00,Debit_Card,Completed,"2026-08-25 10:35:01",2026-08-29
9,108-6714661-2327340,34,3398.00,UPI,Completed,"2026-06-29 12:27:01",2026-07-01
10,109-7213004-4765839,1,599.00,COD,Completed,"2026-07-04 23:43:01",2026-07-14
11,110-3968647-6529490,4,67999.00,Debit_Card,Completed,"2026-06-30 14:25:01",2026-07-03
12,112-6655252-1905662,25,25998.00,Wallet,Refunded,"2026-08-27 11:17:01",2026-08-29
13,112-8117493-9209215,8,8499.00,Credit_Card,Completed,"2026-08-28 17:37:01",2026-08-30
14,113-6004307-7623642,1,1797.00,UPI,Completed,"2026-08-22 04:47:01",2026-08-23
15,114-3746511-5309602,20,23997.00,Wallet,Completed,"2026-05-17 18:26:01",2026-05-19
16,114-8748678-3320417,29,25998.00,Debit_Card,Completed,"2026-08-19 03:35:01",2026-08-21
17,114-9968664-9408282,28,10998.00,Wallet,Completed,"2026-08-09 06:47:01",2026-08-11
18,115-5072219-2897040,28,599.00,UPI,Completed,"2026-06-16 12:46:01",2026-06-18
19,115-9736051-8203056,4,65196.44,Credit_Card,Completed,"2026-04-02 23:12:01",2026-04-05
20,117-5238304-3652042,3,6597.00,COD,Completed,"2026-06-01 16:37:01",2026-06-06
21,118-1611897-3504338,8,487.15,COD,Failed,"2026-07-11 12:03:01",NULL
22,118-5388014-4386835,17,7999.00,UPI,Completed,"2026-08-01 05:59:01",2026-08-02
23,118-7599013-6454338,34,1197.00,UPI,Completed,"2025-10-18 15:49:01",2025-10-19
24,118-8349602-1194411,27,16998.00,UPI,Completed,"2026-08-28 23:22:01",2026-08-29
25,119-3255508-2691181,8,4599.50,UPI,Refunded,"2026-07-25 23:15:01",2026-07-27
26,119-4395249-8387004,39,13798.50,COD,Failed,"2026-07-14 22:17:01",NULL
27,120-4798087-1366319,38,67999.00,Debit_Card,Completed,"2026-05-08 17:51:01",2026-05-11
28,121-7024142-3473541,15,97794.66,COD,Completed,"2026-05-22 13:54:01",2026-05-28
29,121-8567890-2188755,6,1250.75,UPI,Completed,"2026-05-25 08:23:01",2026-05-27
30,122-2021726-5436461,5,487.15,UPI,Completed,"2026-08-03 04:19:01",2026-08-04
31,123-7926459-7930475,22,9199.00,UPI,Completed,"2026-01-21 16:00:01",2026-01-22
32,123-7929577-7940504,22,2199.00,COD,Completed,"2026-02-26 01:39:01",2026-03-05
33,124-7383454-5191949,9,5499.00,UPI,Completed,"2026-06-28 11:10:01",2026-06-29
34,125-7691778-6703267,38,25998.00,UPI,Completed,"2026-05-22 14:50:01",2026-05-23
35,128-4016539-6223583,36,5097.00,Wallet,Completed,"2026-06-13 03:05:01",2026-06-14
36,129-7012554-3182460,9,399.00,Net_Banking,Completed,"2026-08-06 17:29:01",2026-08-08
37,131-2293333-6521761,26,798.00,Wallet,Completed,"2026-03-09 06:33:01",2026-03-11
38,131-7535468-5745280,19,1699.00,Credit_Card,Completed,"2025-12-30 00:42:01",2026-01-03
39,131-8961269-3852743,38,1699.00,COD,Completed,"2026-05-26 22:49:01",2026-06-03
40,132-6271463-8384703,14,3752.25,Net_Banking,Completed,"2026-05-14 12:43:01",2026-05-17
41,132-6765926-1846495,22,899.99,COD,Completed,"2026-04-07 03:55:01",2026-04-20
42,133-4777275-9895697,28,4398.00,UPI,Completed,"2026-04-02 13:08:01",2026-04-03
43,136-1319655-1510489,8,1699.00,Debit_Card,Completed,"2026-08-23 18:13:01",2026-08-25
44,136-5827691-6057051,9,399.00,Credit_Card,Completed,"2025-12-12 18:55:01",2025-12-14
45,138-4631156-8988861,10,899.99,Debit_Card,Completed,"2026-08-23 20:43:01",2026-08-25
46,140-4428068-7915931,28,6579.98,UPI,Completed,"2026-08-06 12:34:01",2026-08-07
47,140-8696167-2257124,6,8499.00,UPI,Completed,"2026-05-31 00:41:01",2026-06-02
48,143-9044789-3914446,38,1699.00,Debit_Card,Completed,"2026-07-19 01:20:01",2026-07-21
49,145-6423398-8740737,20,1797.00,Wallet,Completed,"2026-08-25 02:11:01",2026-08-27
50,148-9396416-5522248,29,158679.12,Credit_Card,Completed,"2026-04-06 10:46:01",2026-04-08
51,149-5360253-3310670,34,9199.00,UPI,Completed,"2026-04-10 12:22:01",2026-04-12
52,151-4049792-5713640,25,2199.00,Credit_Card,Completed,"2026-01-13 17:10:01",2026-01-15
53,151-5260743-2747516,23,9869.97,Net_Banking,Completed,"2026-03-28 23:01:01",2026-03-30
54,151-5430280-3609540,39,7999.00,Debit_Card,Completed,"2026-07-26 02:06:01",2026-07-28
55,152-3495233-2911780,10,149.00,Net_Banking,Completed,"2026-01-27 23:41:01",2026-01-29
56,153-9679738-6780404,13,2626.50,UPI,Completed,"2026-08-13 23:50:01",2026-08-14
57,154-1992599-4319616,21,899.99,Debit_Card,Completed,"2026-04-19 20:12:01",2026-04-21
58,159-7713027-5776202,17,899.99,COD,Failed,"2026-04-13 03:56:01",NULL
59,160-8697459-1680962,33,649.00,UPI,Completed,"2026-07-08 15:01:01",2026-07-10
60,161-1627155-2280053,21,52893.04,UPI,Completed,"2026-05-28 15:10:01",2026-05-30
61,161-1965465-3967625,14,10998.00,Credit_Card,Completed,"2026-06-16 02:13:01",2026-06-19
62,161-3997314-5152778,13,9869.97,UPI,Completed,"2026-04-14 21:20:01",2026-04-16
63,161-6668071-9497000,34,399.00,UPI,Completed,"2026-01-30 06:49:01",2026-02-01
64,162-4950474-9891672,25,3289.99,Credit_Card,Completed,"2026-06-07 12:57:01",2026-06-09
65,163-8021003-7207168,5,899.99,UPI,Completed,"2026-03-04 19:25:01",2026-03-05
66,167-8102837-7492729,10,65196.44,UPI,Completed,"2026-08-13 12:14:01",2026-08-15
67,167-8311696-8528490,30,16998.00,UPI,Completed,"2026-06-02 12:15:01",2026-06-04
68,167-8640883-1178136,23,5097.00,Net_Banking,Completed,"2026-08-23 12:42:01",2026-08-25
69,168-6712906-9501501,33,3752.25,Credit_Card,Completed,"2026-05-16 18:34:01",2026-05-20
70,168-8736849-1637536,32,875.50,Net_Banking,Completed,"2025-10-20 05:38:01",2025-10-23
71,169-4820403-9015101,8,25497.00,UPI,Completed,"2026-07-07 19:18:01",2026-07-08
72,170-5590846-3832225,2,1250.75,Wallet,Refunded,"2026-05-03 22:10:01",2026-05-05
73,173-1497209-1271141,40,1947.00,Debit_Card,Completed,"2026-07-11 07:58:01",2026-07-13
74,173-5631705-3940191,4,1799.98,Credit_Card,Completed,"2026-03-05 01:20:01",2026-03-08
75,174-5662502-4069526,7,1699.00,Net_Banking,Completed,"2026-02-22 05:50:01",2026-02-25
76,174-6737595-9448612,32,52893.04,Debit_Card,Failed,"2026-06-02 19:24:01",NULL
77,175-5736432-4412354,13,2199.00,UPI,Completed,"2026-08-12 04:09:01",2026-08-14
78,177-5802651-4696066,19,65196.44,Credit_Card,Completed,"2026-08-22 07:14:01",2026-08-25
79,179-6572428-8481259,12,32598.22,Credit_Card,Completed,"2026-07-04 20:55:01",2026-07-08
80,180-1202168-8601101,7,16998.00,UPI,Completed,"2026-08-21 10:31:01",2026-08-22
81,180-9401561-4597303,8,25998.00,UPI,Failed,"2026-08-20 17:33:01",NULL
82,181-5464958-2878395,23,6579.98,UPI,Completed,"2026-01-26 15:38:01",2026-01-28
83,182-6519099-8115348,5,3289.99,Credit_Card,Failed,"2026-08-28 10:57:01",NULL
84,183-2855807-7788757,7,298.00,UPI,Completed,"2026-03-27 04:11:01",2026-03-29
85,183-4326658-6129116,30,7999.00,Net_Banking,Completed,"2026-04-17 12:45:01",2026-04-20
86,183-8026703-6637909,32,52893.04,UPI,Completed,"2026-04-11 02:55:01",2026-04-12
87,184-2786281-7405221,39,875.50,Wallet,Completed,"2026-08-21 02:06:01",2026-08-23
88,186-1655175-1674947,7,67999.00,UPI,Completed,"2026-01-16 04:40:01",2026-01-18
89,186-1776805-2274384,18,1298.00,UPI,Completed,"2026-07-25 04:28:01",2026-07-26
90,188-9498758-4833491,12,8499.00,UPI,Completed,"2026-07-30 00:53:01",2026-08-01
91,189-9584246-5238477,20,105786.08,Wallet,Completed,"2026-03-29 10:24:01",2026-03-31
92,190-5955128-5065763,25,875.50,Wallet,Completed,"2026-03-16 15:27:01",2026-03-17
93,191-3025043-8384254,18,1751.00,Wallet,Completed,"2026-03-27 09:21:01",2026-03-29
94,191-7758548-5062258,1,875.50,UPI,Completed,"2026-01-31 14:47:01",2026-02-02
95,192-3002575-8233527,15,1197.00,Credit_Card,Completed,"2026-06-30 00:11:01",2026-07-03
96,192-9927873-6863415,12,1799.98,UPI,Refunded,"2026-04-27 16:39:01",2026-04-29
97,193-3089589-8653589,23,8499.00,COD,Completed,"2026-02-18 14:04:01",2026-03-03
98,193-3975280-4067602,29,447.00,Credit_Card,Completed,"2026-08-12 00:44:01",2026-08-15
99,194-3292608-9614578,1,8499.00,UPI,Completed,"2026-08-07 02:13:01",2026-08-09
100,194-9815110-6248113,40,487.15,Net_Banking,Completed,"2026-06-26 06:43:01",2026-06-29
101,198-6893041-9521684,31,32598.22,COD,Completed,"2026-08-19 12:10:01",2026-08-25
102,198-8748949-9778910,12,149.00,Debit_Card,Completed,"2026-06-22 20:54:01",2026-06-26
103,199-4097345-4506244,37,4398.00,Net_Banking,Completed,"2026-07-24 13:35:01",2026-07-27
104,200-6456834-7268355,27,8499.00,UPI,Completed,"2026-08-10 15:21:01",2026-08-11
105,201-4409721-5991744,26,447.00,COD,Completed,"2026-05-23 20:56:01",2026-06-04
106,202-5232508-1097003,26,3289.99,Net_Banking,Completed,"2026-04-22 04:30:01",2026-04-25
107,202-6044653-5136416,25,3398.00,Debit_Card,Completed,"2026-08-17 17:49:01",2026-08-21
108,202-6242022-6132920,5,649.00,UPI,Completed,"2026-08-19 00:58:01",2026-08-21
109,204-6170252-5711036,36,599.00,COD,Completed,"2026-07-07 22:25:01",2026-07-20
110,205-2682248-6232992,14,23997.00,Debit_Card,Completed,"2026-02-15 09:41:01",2026-02-18
111,206-9390699-3749919,30,5097.00,UPI,Completed,"2026-06-11 10:11:01",2026-06-13
112,207-3810479-2825953,4,12999.00,COD,Completed,"2025-10-07 04:03:01",2025-10-13
113,208-4839216-7947358,24,203997.00,COD,Completed,"2026-08-20 06:36:01",2026-08-26
114,209-6765003-8537772,11,649.00,Wallet,Completed,"2026-07-28 07:24:01",2026-07-30
115,210-1194091-7665074,26,7999.00,Credit_Card,Completed,"2025-12-19 08:05:01",2025-12-23
116,211-8626684-8787264,32,798.00,UPI,Completed,"2026-08-20 12:28:01",2026-08-21
117,212-1199924-7638296,25,599.00,Net_Banking,Completed,"2026-05-09 06:56:01",2026-05-11
118,213-6913101-9166756,23,487.15,Debit_Card,Completed,"2025-11-10 21:54:01",2025-11-13
119,214-5215910-9642969,16,974.30,UPI,Completed,"2026-07-20 12:23:01",2026-07-21
120,214-9140378-2256594,40,149.00,UPI,Refunded,"2026-05-11 03:00:01",2026-05-12
121,215-3546465-1274162,13,6597.00,Credit_Card,Completed,"2026-04-17 23:58:01",2026-04-19
122,217-4392479-5450938,14,16998.00,Wallet,Completed,"2025-11-26 19:20:01",2025-11-28
123,217-5298245-9967642,22,12999.00,COD,Completed,"2026-05-18 14:50:01",2026-05-31
124,217-8308648-7003608,36,899.99,Credit_Card,Completed,"2026-05-31 18:39:01",2026-06-02
125,218-2494022-4911854,28,158679.12,Credit_Card,Completed,"2026-07-10 15:44:01",2026-07-14
126,218-5179472-9334683,10,6597.00,UPI,Completed,"2026-08-16 12:36:01",2026-08-17
127,219-5682376-2830147,19,875.50,COD,Completed,"2026-03-08 19:12:01",2026-03-19
128,219-6525741-7057475,21,67999.00,COD,Completed,"2026-08-05 11:51:01",2026-08-17
129,219-8076486-5800341,13,2899.00,Credit_Card,Completed,"2026-08-08 02:03:01",2026-08-12
130,220-8912779-9939512,14,875.50,Credit_Card,Completed,"2026-05-22 20:00:01",2026-05-24
131,221-6826992-8476053,9,135998.00,Wallet,Completed,"2026-07-14 14:20:01",2026-07-16
132,221-7129330-9992816,39,12999.00,COD,Completed,"2026-02-07 17:00:01",2026-02-12
133,222-3146890-8045443,8,10998.00,COD,Completed,"2026-08-23 21:29:01",2026-08-30
134,223-4188308-4232285,30,67999.00,Debit_Card,Completed,"2026-04-10 11:06:01",2026-04-13
135,227-1974049-2034876,11,2899.00,UPI,Completed,"2026-07-21 10:28:01",2026-07-23
136,227-2247328-3418906,38,649.00,Debit_Card,Completed,"2026-03-30 04:23:01",2026-04-02
137,227-3715414-1753035,21,399.00,UPI,Completed,"2026-08-25 03:37:01",2026-08-26
138,228-7150266-9900614,36,298.00,COD,Completed,"2026-08-09 12:34:01",2026-08-20
139,228-7200235-1134535,1,23997.00,COD,Failed,"2026-08-27 00:52:01",NULL
140,229-1028897-6266509,37,649.00,UPI,Completed,"2026-04-06 05:40:01",2026-04-08
141,229-2528526-4764039,24,2626.50,Wallet,Completed,"2026-03-18 07:09:01",2026-03-20
142,229-3487079-9547482,37,1699.00,Credit_Card,Completed,"2026-05-14 14:59:01",2026-05-17
143,230-1568687-8927536,9,4398.00,Wallet,Completed,"2026-06-21 19:57:01",2026-06-23
144,230-9637593-4284207,38,5499.00,UPI,Completed,"2026-03-10 16:07:01",2026-03-11
145,231-9653880-4318530,39,1751.00,COD,Completed,"2026-07-20 08:44:01",2026-07-27
146,232-7141452-9739806,33,974.30,Net_Banking,Completed,"2026-01-30 16:40:01",2026-02-02
147,233-2909442-6554188,18,4599.50,COD,Completed,"2025-11-17 10:25:01",2025-11-22
148,234-6674404-7350988,26,52893.04,UPI,Completed,"2026-04-29 18:26:01",2026-05-01
149,235-3716476-1506143,16,3398.00,COD,Completed,"2026-01-15 13:20:01",2026-01-28
150,235-8751545-8680430,28,599.00,UPI,Completed,"2026-07-28 16:31:01",2026-07-30
151,238-1518525-8435966,39,399.00,UPI,Completed,"2026-06-07 00:03:01",2026-06-09
152,238-2107248-2378601,16,149.00,Net_Banking,Completed,"2026-04-15 08:14:01",2026-04-18
153,238-8596652-7840509,11,105786.08,Debit_Card,Failed,"2026-08-27 13:31:01",NULL
154,240-1351470-7530863,21,4599.50,UPI,Completed,"2026-07-05 15:15:01",2026-07-06
155,240-3529274-9432767,34,13798.50,Credit_Card,Completed,"2026-08-17 21:56:01",2026-08-20
156,240-6431080-5946948,38,97794.66,UPI,Completed,"2025-11-11 09:41:01",2025-11-12
157,241-3909732-2292734,30,798.00,Net_Banking,Completed,"2026-08-06 01:19:01",2026-08-08
158,241-5932591-3425120,29,1699.00,Wallet,Completed,"2026-08-26 22:44:01",2026-08-28
159,242-2794658-5689642,1,1799.98,COD,Completed,"2026-07-17 13:48:01",2026-07-22
160,242-7369709-1570992,8,12999.00,Credit_Card,Completed,"2026-08-07 05:27:01",2026-08-09
161,242-8986453-9655855,6,649.00,Debit_Card,Completed,"2026-04-05 17:51:01",2026-04-08
162,243-4046629-2939397,3,875.50,UPI,Completed,"2026-01-25 05:27:01",2026-01-27
163,246-3438342-8803837,21,32598.22,Debit_Card,Completed,"2026-05-19 18:29:01",2026-05-23
164,246-4803643-6630071,35,2199.00,Credit_Card,Completed,"2026-06-26 20:13:01",2026-06-30
165,247-1040807-5793964,26,2626.50,COD,Refunded,"2026-02-19 20:41:01",2026-03-04
166,248-6437785-5746935,33,447.00,Credit_Card,Completed,"2026-03-03 15:37:01",2026-03-05
167,249-7262927-9831297,33,487.15,COD,Completed,"2026-08-28 23:06:01",2026-09-06
168,250-6000535-3490907,29,38997.00,Net_Banking,Completed,"2026-05-07 11:06:01",2026-05-09
169,250-8650875-7750174,8,1699.00,UPI,Completed,"2026-03-13 09:33:01",2026-03-14
170,251-2026918-1589161,40,3398.00,Credit_Card,Completed,"2026-08-10 11:45:01",2026-08-12
171,252-2385057-3364537,35,899.99,UPI,Completed,"2026-04-28 16:51:01",2026-04-30
172,255-1316482-6906710,8,2899.00,Debit_Card,Completed,"2026-04-12 06:46:01",2026-04-14
173,255-4031495-2480771,33,203997.00,UPI,Completed,"2026-07-30 05:51:01",2026-07-31
174,255-9143094-1063078,13,67999.00,Credit_Card,Refunded,"2026-08-28 22:59:01",2026-08-30
175,255-9821078-4454627,40,5097.00,Debit_Card,Completed,"2026-01-08 22:03:01",2026-01-12
176,256-3811332-1361255,11,3289.99,COD,Completed,"2026-07-08 03:15:01",2026-07-18
177,256-8634193-7462615,2,105786.08,UPI,Completed,"2026-08-28 14:23:01",2026-08-29
178,257-6919710-7872700,34,2899.00,Credit_Card,Completed,"2025-11-04 15:47:01",2025-11-08
179,257-7123735-8905883,15,974.30,Credit_Card,Refunded,"2026-08-07 00:10:01",2026-08-09
180,259-2318397-2819859,23,3752.25,Debit_Card,Completed,"2026-07-10 21:47:01",2026-07-14
181,259-2590987-4168960,10,158679.12,Debit_Card,Completed,"2026-02-26 15:24:01",2026-03-02
182,259-5494627-9682988,14,1699.00,COD,Failed,"2026-08-06 09:14:01",NULL
183,259-9997366-5211330,14,3752.25,UPI,Refunded,"2026-03-28 15:28:01",2026-03-30
184,260-5236347-8369957,28,15998.00,UPI,Completed,"2026-02-18 16:03:01",2026-02-20
185,260-6373134-5057034,19,23997.00,UPI,Completed,"2026-06-23 06:15:01",2026-06-24
186,263-4850290-6332997,28,5499.00,Debit_Card,Completed,"2026-03-30 03:34:01",2026-04-03
187,264-7290210-9516026,26,399.00,COD,Completed,"2026-01-06 06:18:01",2026-01-16
188,265-3144471-6771811,20,298.00,COD,Completed,"2026-07-11 04:36:01",2026-07-21
189,268-6655182-6216344,1,1197.00,Credit_Card,Completed,"2026-07-27 05:04:01",2026-07-31
190,269-1563340-7729205,23,149.00,Credit_Card,Completed,"2026-07-14 00:04:01",2026-07-16
191,269-2663941-4238779,10,487.15,Wallet,Completed,"2026-05-30 16:44:01",2026-05-31
192,270-8666699-7226319,37,6597.00,Credit_Card,Refunded,"2026-08-06 11:03:01",2026-08-08
193,272-1172234-5678185,22,487.15,Credit_Card,Refunded,"2026-08-10 08:37:01",2026-08-13
194,275-4215959-2806598,38,105786.08,COD,Completed,"2026-06-10 07:44:01",2026-06-18
195,276-1200461-5715878,23,3289.99,Credit_Card,Completed,"2025-10-22 05:19:01",2025-10-25
196,277-4065627-2016038,22,9199.00,UPI,Completed,"2026-08-04 07:33:01",2026-08-05
197,277-5225198-7795757,15,135998.00,Credit_Card,Completed,"2026-08-19 06:48:01",2026-08-21
198,278-2585788-3573795,37,5499.00,COD,Completed,"2026-07-27 08:54:01",2026-08-01
199,279-2875922-4998955,24,16497.00,UPI,Completed,"2026-07-29 09:28:01",2026-07-30
200,279-7413911-9694611,28,67999.00,UPI,Completed,"2026-08-25 14:02:01",2026-08-26
201,279-7967649-3441511,2,4599.50,Credit_Card,Completed,"2026-07-01 00:34:01",2026-07-03
202,280-5375263-8453191,28,2899.00,Net_Banking,Completed,"2026-08-28 03:19:01",2026-08-31
203,282-1746586-8249672,32,899.99,Net_Banking,Completed,"2025-11-26 14:19:01",2025-11-29
204,282-9444198-1757204,25,12999.00,UPI,Completed,"2026-08-26 13:03:01",2026-08-27
205,285-3017508-5526561,34,1699.00,COD,Completed,"2026-07-18 12:46:01",2026-07-23
206,285-4335855-3118238,3,5499.00,UPI,Completed,"2026-05-20 10:13:01",2026-05-21
207,285-5686546-9875758,15,599.00,Debit_Card,Completed,"2025-12-06 17:38:01",2025-12-09
208,285-9962342-4245088,33,7999.00,COD,Completed,"2026-03-06 03:20:01",2026-03-14
209,286-8044972-3628263,5,875.50,COD,Completed,"2026-06-26 06:42:01",2026-07-09
210,288-1342202-6049931,28,12999.00,UPI,Completed,"2026-01-29 06:52:01",2026-01-31
211,289-3875433-9699632,35,899.99,UPI,Refunded,"2026-08-03 09:37:01",2026-08-04
212,289-6067307-2653437,10,135998.00,Credit_Card,Completed,"2026-04-29 07:35:01",2026-05-02
213,290-5043670-6490536,29,875.50,UPI,Completed,"2026-06-20 02:12:01",2026-06-22
214,290-7757590-2075182,14,4599.50,Net_Banking,Completed,"2025-10-24 12:13:01",2025-10-26
215,293-5177128-7081832,40,5798.00,Credit_Card,Completed,"2026-07-25 20:19:01",2026-07-28
216,294-5022618-6277594,24,3289.99,Wallet,Completed,"2026-05-13 21:59:01",2026-05-15
217,295-1099624-4629271,40,3398.00,UPI,Completed,"2026-07-20 09:01:01",2026-07-22
218,296-1325134-5737755,21,32598.22,UPI,Completed,"2026-08-28 23:01:01",2026-08-30
219,300-4092269-1456202,9,23997.00,COD,Completed,"2026-02-23 00:42:01",2026-03-02
220,302-2959781-4733265,17,599.00,UPI,Completed,"2026-02-20 04:15:01",2026-02-21
221,302-6063078-2236310,40,135998.00,COD,Refunded,"2026-03-26 20:20:01",2026-04-06
222,302-9914109-3505281,17,1250.75,Credit_Card,Completed,"2026-04-20 08:15:01",2026-04-22
223,305-4368014-2682608,33,899.99,COD,Refunded,"2025-12-14 19:25:01",2025-12-24
224,307-2272476-1151969,27,1250.75,UPI,Completed,"2026-07-08 10:26:01",2026-07-10
225,307-6534107-4436774,3,9869.97,Net_Banking,Completed,"2026-02-07 14:18:01",2026-02-09
226,307-8827590-6919751,28,2199.00,COD,Completed,"2026-08-03 20:10:01",2026-08-15
227,308-7111844-7305959,19,25497.00,Debit_Card,Completed,"2026-08-20 06:38:01",2026-08-23
228,309-1165063-4539536,37,4599.50,COD,Completed,"2026-03-29 07:01:01",2026-04-10
229,310-8547383-5415301,38,25497.00,Wallet,Completed,"2026-05-08 07:45:01",2026-05-10
230,311-2359622-1466990,33,1797.00,Debit_Card,Completed,"2026-07-02 10:58:01",2026-07-05
231,311-4702350-4158835,21,67999.00,UPI,Completed,"2026-05-10 19:43:01",2026-05-12
232,311-4748437-4382857,26,32598.22,UPI,Completed,"2026-08-24 08:53:01",2026-08-25
233,311-8504189-5164044,33,2626.50,Credit_Card,Completed,"2026-07-10 10:25:01",2026-07-14
234,312-4079265-1021385,40,2899.00,COD,Completed,"2026-06-27 07:12:01",2026-07-07
235,312-8513346-5199050,34,1699.00,Debit_Card,Refunded,"2025-11-30 07:47:01",2025-12-02
236,313-2501992-2105133,5,6579.98,UPI,Completed,"2026-06-08 00:46:01",2026-06-10
237,313-8201101-3599944,2,13798.50,Debit_Card,Completed,"2026-07-31 17:12:01",2026-08-04
238,315-5660206-8830312,32,4599.50,Wallet,Completed,"2026-05-31 00:24:01",2026-06-02
239,315-5925183-1160176,18,3289.99,Debit_Card,Completed,"2026-05-23 10:27:01",2026-05-25
240,317-5376016-7359428,3,3752.25,COD,Completed,"2026-08-25 22:28:01",2026-09-04
241,318-3719726-8057486,1,5097.00,UPI,Refunded,"2026-06-15 20:56:01",2026-06-17
242,320-2900379-3880887,39,599.00,COD,Completed,"2026-06-12 13:11:01",2026-06-19
243,320-4373437-2261554,24,899.99,Credit_Card,Refunded,"2026-04-05 07:34:01",2026-04-07
244,320-4735139-4061506,19,3752.25,Net_Banking,Completed,"2026-04-05 22:55:01",2026-04-07
245,320-8746076-6110676,11,203997.00,UPI,Completed,"2026-04-20 18:34:01",2026-04-21
246,321-8674488-5717489,3,3398.00,Debit_Card,Completed,"2026-07-29 14:36:01",2026-08-01
247,321-9831567-2505389,36,7999.00,Net_Banking,Completed,"2026-05-26 06:04:01",2026-05-28
248,322-6042266-1522386,25,599.00,UPI,Completed,"2026-08-12 07:28:01",2026-08-14
249,323-3039567-4503943,11,3289.99,Debit_Card,Completed,"2026-07-23 22:43:01",2026-07-27
250,324-2291715-9713349,17,1461.45,Credit_Card,Refunded,"2026-08-07 18:58:01",2026-08-10
251,324-8976020-7154443,31,12999.00,Debit_Card,Completed,"2026-08-24 10:13:01",2026-08-28
252,325-1848577-7472260,13,2199.00,Credit_Card,Completed,"2026-05-28 13:25:01",2026-06-01
253,326-6536260-3887488,31,649.00,Net_Banking,Completed,"2025-11-09 00:40:01",2025-11-12
254,327-1597638-6169385,27,16497.00,Credit_Card,Failed,"2026-03-29 15:02:01",NULL
255,328-5175176-6007436,16,1250.75,Credit_Card,Completed,"2026-08-27 17:19:01",2026-08-30
256,328-7838372-1348762,37,1799.98,Debit_Card,Completed,"2026-05-22 04:03:01",2026-05-24
257,329-3401399-6108030,2,899.99,Debit_Card,Completed,"2026-08-13 10:29:01",2026-08-17
258,329-8437654-4300875,15,1751.00,UPI,Completed,"2026-06-02 16:36:01",2026-06-04
259,330-6818963-5165021,15,899.99,Wallet,Completed,"2026-08-28 21:43:01",2026-08-30
260,330-7116499-6653412,5,10998.00,Debit_Card,Completed,"2026-07-05 02:12:01",2026-07-07
261,331-3206094-5097849,22,798.00,Debit_Card,Completed,"2026-06-11 21:54:01",2026-06-14
262,333-5041238-5193526,40,447.00,UPI,Completed,"2026-08-04 23:57:01",2026-08-05
263,333-7621681-9097841,12,38997.00,UPI,Completed,"2026-05-27 15:15:01",2026-05-28
264,333-7883056-1424315,38,203997.00,UPI,Completed,"2026-06-21 19:21:01",2026-06-23
265,334-8736876-5663989,1,298.00,UPI,Completed,"2026-05-26 05:41:01",2026-05-27
266,335-8004868-1967571,9,1751.00,UPI,Refunded,"2026-08-18 02:59:01",2026-08-20
267,336-1487487-5340886,10,38997.00,Credit_Card,Completed,"2026-04-23 03:37:01",2026-04-25
268,337-3588026-6813817,15,599.00,Credit_Card,Completed,"2026-08-21 02:23:01",2026-08-25
269,338-2614648-1908280,39,447.00,UPI,Completed,"2026-08-03 17:49:01",2026-08-04
270,338-6166815-1667351,26,32598.22,Credit_Card,Completed,"2026-08-05 10:03:01",2026-08-08
271,338-7611514-8896771,8,2501.50,COD,Completed,"2026-03-20 20:26:01",2026-03-30
272,340-2879983-3188405,24,16998.00,Net_Banking,Completed,"2026-01-24 07:04:01",2026-01-26
273,340-5474869-7146482,37,67999.00,Debit_Card,Completed,"2026-02-06 01:48:01",2026-02-08
274,342-4376760-1603386,9,649.00,UPI,Completed,"2026-05-09 01:57:01",2026-05-11
275,342-7882811-1152589,32,8697.00,COD,Completed,"2026-03-10 06:39:01",2026-03-15
276,343-1695401-6169526,26,2699.97,Credit_Card,Completed,"2026-07-19 21:26:01",2026-07-21
277,343-3558270-6490831,8,9869.97,UPI,Completed,"2026-02-25 08:39:01",2026-02-27
278,343-6915801-5264441,16,203997.00,Wallet,Refunded,"2026-06-21 02:25:01",2026-06-22
279,343-7139676-6380271,38,2899.00,Credit_Card,Completed,"2026-08-27 11:33:01",2026-08-31
280,344-2345694-9384216,9,2501.50,Net_Banking,Completed,"2026-08-12 08:55:01",2026-08-14
281,345-7623790-8766723,5,2899.00,UPI,Completed,"2026-07-03 11:16:01",2026-07-04
282,347-7999087-1558408,40,875.50,Net_Banking,Completed,"2025-12-05 00:43:01",2025-12-07
283,348-4397486-1528318,7,10998.00,Debit_Card,Completed,"2026-08-10 10:05:01",2026-08-13
284,349-1339819-4217227,27,1250.75,UPI,Completed,"2026-04-19 00:10:01",2026-04-20
285,352-5064810-4740172,29,4599.50,Wallet,Completed,"2026-08-07 07:53:01",2026-08-08
286,352-6123217-1029360,13,447.00,COD,Completed,"2026-08-20 15:59:01",2026-09-01
287,353-5054874-4664182,28,3289.99,UPI,Completed,"2026-07-30 10:01:01",2026-08-01
288,354-3075166-3734109,34,8499.00,UPI,Completed,"2026-04-03 13:52:01",2026-04-04
289,355-1230169-3473194,12,875.50,UPI,Completed,"2026-08-19 18:07:01",2026-08-21
290,355-4672235-2707996,29,52893.04,UPI,Completed,"2026-07-16 22:25:01",2026-07-17
291,355-7086955-5759854,25,899.99,UPI,Completed,"2026-02-16 14:43:01",2026-02-17
292,355-8773523-5206320,30,798.00,Wallet,Completed,"2025-11-19 20:18:01",2025-11-20
293,356-2028359-7458469,10,158679.12,UPI,Completed,"2025-12-02 15:14:01",2025-12-04
294,357-4124300-8886413,14,105786.08,UPI,Completed,"2026-07-13 17:07:01",2026-07-14
295,357-6225000-1404636,20,1250.75,UPI,Completed,"2025-12-05 15:10:01",2025-12-06
296,359-6570461-3061926,12,25998.00,Wallet,Completed,"2026-06-02 18:47:01",2026-06-04
297,360-3281007-4577490,10,5798.00,UPI,Completed,"2026-06-12 16:56:01",2026-06-14
298,361-4940338-3848489,11,13798.50,Debit_Card,Completed,"2026-02-05 14:09:01",2026-02-07
299,361-9352650-7910370,3,23997.00,COD,Completed,"2026-05-01 07:06:01",2026-05-10
300,362-4359994-9939025,34,3752.25,UPI,Completed,"2025-11-01 06:54:01",2025-11-03
301,363-7521475-7696825,22,447.00,Debit_Card,Completed,"2026-03-31 16:34:01",2026-04-04
302,365-9188187-6964920,24,2899.00,Wallet,Completed,"2026-07-18 08:58:01",2026-07-19
303,366-5181961-4904105,31,135998.00,UPI,Completed,"2026-05-03 02:01:01",2026-05-05
304,367-3200544-3988456,38,5499.00,UPI,Completed,"2026-08-11 02:34:01",2026-08-12
305,367-7424650-7097248,10,3289.99,UPI,Completed,"2026-05-15 09:55:01",2026-05-16
306,367-9842089-1195407,7,1699.00,UPI,Completed,"2026-01-03 17:27:01",2026-01-04
307,368-6339925-1633107,23,5499.00,Debit_Card,Completed,"2026-02-13 19:00:01",2026-02-16
308,369-6670191-3257714,15,158679.12,Wallet,Completed,"2026-08-22 12:48:01",2026-08-24
309,370-1493499-4351001,28,4599.50,Credit_Card,Completed,"2026-08-23 14:46:01",2026-08-25
310,370-5128516-4539122,24,12999.00,Debit_Card,Completed,"2026-08-20 20:32:01",2026-08-22
311,370-6869082-4227517,34,1461.45,Debit_Card,Completed,"2026-08-27 04:39:01",2026-08-31
312,371-3602263-5854096,34,298.00,Net_Banking,Completed,"2026-07-27 23:54:01",2026-07-29
313,371-6041905-9070333,33,399.00,Net_Banking,Completed,"2026-08-01 22:57:01",2026-08-03
314,371-7283040-6269672,34,2199.00,Debit_Card,Completed,"2026-03-09 15:56:01",2026-03-13
315,374-4076543-8154526,38,4599.50,COD,Completed,"2026-03-08 13:14:01",2026-03-13
316,374-4420030-9857694,32,23997.00,Net_Banking,Refunded,"2026-06-13 22:02:01",2026-06-15
317,374-4858020-3055028,35,203997.00,UPI,Completed,"2026-06-18 23:06:01",2026-06-20
318,375-5368303-5576126,4,2899.00,Debit_Card,Completed,"2026-06-11 23:25:01",2026-06-13
319,376-2107800-7242555,4,4398.00,Debit_Card,Completed,"2026-03-18 22:29:01",2026-03-22
320,377-2724743-1284883,24,649.00,UPI,Completed,"2026-06-21 21:47:01",2026-06-22
321,377-2906145-2196457,2,1699.00,COD,Completed,"2026-08-29 07:23:01",2026-09-04
322,379-8703120-4118075,7,25998.00,Credit_Card,Completed,"2026-03-24 05:37:01",2026-03-27
323,379-9567950-8447254,12,2899.00,UPI,Completed,"2026-08-18 19:38:01",2026-08-20
324,379-9628366-8756242,18,67999.00,Credit_Card,Completed,"2026-07-21 07:23:01",2026-07-25
325,380-2081126-6982843,39,1298.00,Credit_Card,Completed,"2026-04-11 19:25:01",2026-04-15
326,381-5742061-7272807,37,2199.00,UPI,Refunded,"2026-07-01 12:55:01",2026-07-03
327,382-9708138-9064464,24,6579.98,COD,Completed,"2026-01-18 17:57:01",2026-01-27
328,383-1667719-4835945,37,1250.75,COD,Completed,"2026-08-22 17:53:01",2026-08-27
329,383-7205936-5530368,18,3398.00,UPI,Completed,"2026-05-09 12:49:01",2026-05-10
330,384-8316495-2042330,6,13798.50,UPI,Completed,"2026-06-03 00:58:01",2026-06-05
331,385-2522323-9035089,39,487.15,Debit_Card,Completed,"2025-12-09 18:54:01",2025-12-11
332,385-6923724-4067973,30,5499.00,UPI,Completed,"2026-05-12 12:13:01",2026-05-14
333,386-4209206-8439515,3,1298.00,UPI,Completed,"2026-07-07 14:22:01",2026-07-09
334,388-4531443-1004052,34,487.15,Debit_Card,Completed,"2026-07-17 03:17:01",2026-07-21
335,389-2370781-8174784,22,1250.75,COD,Completed,"2026-07-16 19:05:01",2026-07-27
336,389-3837095-6501963,5,5097.00,UPI,Completed,"2026-08-19 14:00:01",2026-08-20
337,390-4339554-8984940,13,15998.00,Wallet,Completed,"2026-08-21 01:38:01",2026-08-22
338,391-2858193-1533675,28,16998.00,Wallet,Completed,"2026-08-24 20:05:01",2026-08-26
339,392-4888913-2683027,26,10998.00,COD,Completed,"2026-05-07 01:50:01",2026-05-19
340,394-5090541-3626630,4,16497.00,Net_Banking,Completed,"2025-11-06 08:29:01",2025-11-08
341,397-2718727-9666125,10,1197.00,UPI,Refunded,"2026-07-04 00:51:01",2026-07-05
342,397-8000448-9072885,7,52893.04,Wallet,Completed,"2026-08-08 19:35:01",2026-08-09
343,398-2171827-6899053,36,899.99,UPI,Completed,"2025-11-07 11:49:01",2025-11-08
344,400-1423232-3087541,1,13798.50,UPI,Completed,"2026-06-01 11:44:01",2026-06-03
345,401-4050949-7201049,18,158679.12,COD,Completed,"2026-07-11 19:55:01",2026-07-21
346,402-7854731-8197107,29,9869.97,UPI,Failed,"2026-08-29 05:42:01",NULL
347,403-8140726-9598416,16,487.15,UPI,Completed,"2026-01-23 21:59:01",2026-01-25
348,404-1755199-4627896,31,16497.00,Wallet,Completed,"2026-03-10 03:55:01",2026-03-12
349,406-2645241-9031685,37,1797.00,Wallet,Completed,"2026-05-10 18:26:01",2026-05-12
350,406-6151409-8567889,20,2899.00,COD,Completed,"2026-02-27 23:24:01",2026-03-08
351,407-4628088-9920149,30,38997.00,Net_Banking,Completed,"2026-04-19 11:06:01",2026-04-22
352,412-1449023-2867860,36,1298.00,Net_Banking,Completed,"2026-08-17 12:24:01",2026-08-20
353,412-2070394-5969598,17,13798.50,UPI,Completed,"2025-10-22 01:42:01",2025-10-24
354,413-8254503-9881244,21,10998.00,Wallet,Completed,"2026-01-03 16:21:01",2026-01-04
355,415-3167318-2373434,2,5097.00,UPI,Completed,"2026-07-30 13:56:01",2026-08-01
356,416-4325307-8116960,34,1198.00,UPI,Completed,"2026-08-11 02:17:01",2026-08-12
357,417-9284620-5895813,39,6579.98,Credit_Card,Completed,"2026-07-12 13:03:01",2026-07-16
358,420-2818381-9478771,5,875.50,Wallet,Completed,"2026-07-17 02:43:01",2026-07-18
359,420-3482930-3804607,30,3398.00,UPI,Completed,"2025-11-15 11:54:01",2025-11-17
360,420-6832281-2546928,37,105786.08,COD,Completed,"2026-06-07 17:21:01",2026-06-18
361,421-1188353-1288243,4,4599.50,COD,Failed,"2026-07-27 18:29:01",NULL
362,423-6337271-8968658,26,67999.00,COD,Completed,"2026-07-31 18:29:01",2026-08-08
363,423-8807735-3334092,28,2626.50,Debit_Card,Completed,"2025-11-04 07:06:01",2025-11-08
364,423-9662586-7615514,32,1699.00,UPI,Completed,"2026-06-08 05:51:01",2026-06-10
365,424-6089828-7714201,2,2899.00,Credit_Card,Completed,"2026-07-31 03:47:01",2026-08-03
366,426-2069106-5544904,7,399.00,UPI,Completed,"2026-08-23 17:05:01",2026-08-25
367,426-9033247-4361914,8,649.00,UPI,Completed,"2026-07-26 18:03:01",2026-07-27
368,427-8726290-2812814,18,67999.00,Wallet,Completed,"2026-07-20 02:50:01",2026-07-21
369,427-9277580-5559485,31,798.00,Credit_Card,Completed,"2026-08-26 09:59:01",2026-08-30
370,430-2039362-5280833,2,5097.00,Net_Banking,Failed,"2026-05-21 11:19:01",NULL
371,430-6760887-1875883,23,298.00,UPI,Completed,"2026-04-30 11:48:01",2026-05-01
372,430-7169390-3917155,23,649.00,COD,Completed,"2026-08-02 13:25:01",2026-08-07
373,432-3013382-1093140,16,1797.00,UPI,Completed,"2026-04-26 13:46:01",2026-04-27
374,432-7797275-7006920,3,4599.50,Net_Banking,Completed,"2025-12-06 23:48:01",2025-12-08
375,434-1643172-3169083,40,8499.00,Credit_Card,Completed,"2026-07-23 21:41:01",2026-07-25
376,434-7078997-3353680,12,16497.00,COD,Completed,"2026-06-06 15:16:01",2026-06-14
377,435-2554205-7693723,9,12999.00,COD,Completed,"2026-07-23 03:57:01",2026-07-28
378,436-4046393-6134999,34,899.99,UPI,Completed,"2025-11-26 04:00:01",2025-11-28
379,436-4485066-8335595,37,487.15,Debit_Card,Completed,"2026-08-28 20:07:01",2026-08-31
380,438-1842855-4048735,17,32598.22,Debit_Card,Completed,"2026-05-30 21:56:01",2026-06-01
381,438-5231735-3007584,29,599.00,COD,Completed,"2026-07-05 03:13:01",2026-07-15
382,439-2446686-7033906,35,798.00,COD,Completed,"2026-05-16 07:16:01",2026-05-28
383,439-6468700-9166080,29,1298.00,UPI,Completed,"2026-04-30 18:27:01",2026-05-02
384,439-7426077-4948108,3,5798.00,COD,Completed,"2025-09-30 14:44:01",2025-10-06
385,440-3623307-3892882,30,875.50,COD,Completed,"2026-08-19 13:43:01",2026-08-30
386,440-7845669-7001584,3,2501.50,Debit_Card,Refunded,"2026-04-28 22:17:01",2026-04-30
387,441-5198253-2742372,23,2501.50,Credit_Card,Completed,"2026-07-29 14:58:01",2026-08-02
388,441-5520713-4373305,15,1699.00,Credit_Card,Completed,"2026-08-12 10:57:01",2026-08-14
389,442-4553052-8482523,39,13798.50,UPI,Completed,"2026-03-19 01:47:01",2026-03-20
390,442-6529648-9365171,33,8499.00,COD,Completed,"2026-08-12 23:30:01",2026-08-21
391,443-9042354-3905433,38,2626.50,UPI,Completed,"2026-05-25 04:51:01",2026-05-27
392,444-1313112-1225551,1,32598.22,Wallet,Completed,"2026-07-09 16:12:01",2026-07-11
393,445-3845519-4855328,8,875.50,Credit_Card,Completed,"2026-07-26 02:08:01",2026-07-29
394,445-8439212-9846003,18,16998.00,UPI,Completed,"2026-05-17 17:12:01",2026-05-18
395,445-9045120-3851860,37,203997.00,UPI,Completed,"2025-12-02 20:42:01",2025-12-03
396,445-9303459-5155230,22,1197.00,UPI,Completed,"2026-03-07 18:00:01",2026-03-08
397,446-2030863-4769931,31,2699.97,COD,Completed,"2026-03-12 09:27:01",2026-03-21
398,446-3048482-9853631,10,8499.00,COD,Completed,"2026-08-12 17:25:01",2026-08-19
399,448-1467008-1883065,14,4599.50,UPI,Completed,"2026-08-27 17:13:01",2026-08-29
400,448-6031203-6702336,20,203997.00,Net_Banking,Completed,"2026-06-30 05:20:01",2026-07-02
401,448-7235432-3720628,18,1250.75,UPI,Completed,"2026-06-28 14:41:01",2026-06-30
402,449-7394446-4480678,33,1797.00,UPI,Completed,"2026-01-18 09:13:01",2026-01-19
403,449-7431825-4665784,36,16998.00,Net_Banking,Completed,"2025-10-02 13:20:01",2025-10-05
404,449-9005550-3546362,30,1797.00,UPI,Completed,"2026-07-20 18:00:01",2026-07-21
405,450-1835281-3649006,8,52893.04,UPI,Completed,"2026-07-08 19:04:01",2026-07-09
406,451-5495942-3931634,6,875.50,Credit_Card,Completed,"2026-05-12 13:32:01",2026-05-15
407,451-6793810-1429220,13,13798.50,UPI,Completed,"2026-08-29 15:00:01",2026-08-31
408,451-6818559-1552098,15,2626.50,UPI,Completed,"2026-01-27 17:40:01",2026-01-28
409,452-2279003-5818952,11,5499.00,UPI,Completed,"2026-08-29 05:52:01",2026-08-31
410,452-6764728-1254188,9,65196.44,Debit_Card,Completed,"2026-08-28 21:21:01",2026-09-01
411,453-1050727-8650782,10,5499.00,UPI,Completed,"2026-08-22 20:34:01",2026-08-23
412,453-3984617-5312364,17,67999.00,UPI,Completed,"2026-06-23 02:31:01",2026-06-24
413,454-4041212-5570872,22,1461.45,Wallet,Completed,"2026-07-23 20:23:01",2026-07-24
414,454-4681043-8779695,4,1198.00,Wallet,Completed,"2026-02-27 02:44:01",2026-02-28
415,454-7962459-7183162,5,149.00,Debit_Card,Completed,"2026-03-07 14:29:01",2026-03-09
416,455-3640187-3526387,21,12999.00,COD,Completed,"2026-08-21 21:22:01",2026-08-28
417,457-7945758-7017472,2,1461.45,Debit_Card,Completed,"2026-03-31 06:20:01",2026-04-03
418,458-6261355-7566528,36,3752.25,Wallet,Refunded,"2025-12-31 02:27:01",2026-01-01
419,460-4641740-8394596,36,97794.66,UPI,Refunded,"2026-04-03 02:50:01",2026-04-04
420,460-9367747-5037261,19,8697.00,Credit_Card,Completed,"2026-04-25 17:22:01",2026-04-27
421,461-4493190-7615764,21,798.00,UPI,Completed,"2026-08-24 06:38:01",2026-08-26
422,462-4986055-1052971,29,899.99,Wallet,Completed,"2026-06-29 15:51:01",2026-07-01
423,462-6678852-9523250,34,4599.50,UPI,Completed,"2026-05-20 12:57:01",2026-05-21
424,465-5387628-2976754,26,447.00,Credit_Card,Completed,"2026-04-26 12:28:01",2026-04-29
425,465-9563971-5849377,34,203997.00,UPI,Completed,"2026-07-09 12:25:01",2026-07-11
426,467-4512019-7544856,19,1461.45,COD,Completed,"2026-08-23 00:53:01",2026-09-02
427,467-8298129-8462800,29,158679.12,UPI,Completed,"2026-08-23 18:56:01",2026-08-24
428,468-2710565-7501994,2,32598.22,UPI,Completed,"2026-07-27 05:46:01",2026-07-28
429,471-9513216-5427190,25,5499.00,Credit_Card,Completed,"2026-08-01 22:42:01",2026-08-03
430,472-3904016-4340139,36,1197.00,COD,Completed,"2026-06-08 22:07:01",2026-06-20
431,475-6972377-1596914,14,298.00,Wallet,Completed,"2026-08-29 06:36:01",2026-08-30
432,475-8485542-9160769,2,899.99,COD,Completed,"2026-05-15 10:52:01",2026-05-25
433,477-1147206-8396500,3,649.00,Wallet,Completed,"2026-06-29 08:43:01",2026-07-01
434,477-2819077-7765602,7,149.00,Debit_Card,Completed,"2026-08-14 02:06:01",2026-08-17
435,478-8901374-2166862,1,875.50,COD,Completed,"2025-11-14 08:33:01",2025-11-26
436,479-2685487-7043088,32,15998.00,Net_Banking,Failed,"2026-06-01 15:55:01",NULL
437,479-9328854-4261501,2,52893.04,Net_Banking,Completed,"2026-07-08 15:47:01",2026-07-10
438,480-3770644-3450976,18,13798.50,Net_Banking,Completed,"2026-04-16 20:41:01",2026-04-19
439,480-4924297-9209371,11,149.00,COD,Failed,"2026-05-12 07:14:01",NULL
440,480-8329452-8235524,24,2699.97,Debit_Card,Completed,"2026-02-28 09:57:01",2026-03-04
441,480-9031265-2728620,12,1298.00,UPI,Completed,"2026-08-19 21:29:01",2026-08-21
442,481-1183010-8476825,4,23997.00,UPI,Completed,"2026-06-23 19:20:01",2026-06-24
443,481-7313420-3118090,3,875.50,Wallet,Completed,"2026-07-03 08:57:01",2026-07-05
444,483-1241232-8701458,8,6597.00,UPI,Completed,"2026-08-06 22:56:01",2026-08-08
445,485-1898471-2941756,32,25497.00,UPI,Completed,"2026-06-24 00:19:01",2026-06-26
446,486-7743073-5113119,2,1298.00,Net_Banking,Refunded,"2026-08-24 18:36:01",2026-08-26
447,487-7632539-4541888,31,16497.00,Credit_Card,Completed,"2026-04-16 12:44:01",2026-04-20
448,487-7998511-6368539,26,2699.97,COD,Completed,"2026-05-30 06:04:01",2026-06-05
449,489-1475090-9676063,27,6597.00,Wallet,Completed,"2026-06-15 01:44:01",2026-06-16
450,490-8687745-9723412,12,149.00,UPI,Completed,"2025-11-09 16:21:01",2025-11-10
451,491-8904754-1778462,32,1699.00,Net_Banking,Completed,"2026-08-18 05:11:01",2026-08-21
452,491-9606247-5284309,21,487.15,UPI,Completed,"2026-07-30 17:50:01",2026-07-31
453,492-1584272-1152277,36,4599.50,UPI,Completed,"2026-08-11 10:11:01",2026-08-13
454,492-8611153-9284049,3,135998.00,UPI,Completed,"2026-07-06 09:45:01",2026-07-07
455,492-8624575-9338768,4,1751.00,Debit_Card,Completed,"2026-07-22 06:25:01",2026-07-26
456,492-9054963-2491726,6,25497.00,COD,Completed,"2026-04-06 03:03:01",2026-04-17
457,493-1994601-3177339,36,875.50,COD,Completed,"2026-07-29 04:05:01",2026-08-10
458,493-9848648-6434089,3,447.00,COD,Completed,"2026-06-09 12:00:01",2026-06-18
459,494-1291665-8614504,6,487.15,UPI,Completed,"2026-06-04 17:07:01",2026-06-05
460,494-3798501-3168771,11,5499.00,Credit_Card,Completed,"2026-02-09 15:48:01",2026-02-11
461,496-3449881-1357461,16,38997.00,UPI,Completed,"2026-01-22 05:30:01",2026-01-24
462,496-6720453-8697254,15,3752.25,Debit_Card,Refunded,"2026-06-06 23:32:01",2026-06-08
463,496-8194663-7081365,40,599.00,Wallet,Completed,"2026-06-18 12:20:01",2026-06-19
464,497-9695198-5555781,26,10998.00,UPI,Completed,"2026-05-05 11:33:01",2026-05-06
465,501-5691162-3411023,32,52893.04,Debit_Card,Completed,"2026-08-25 04:18:01",2026-08-29
466,501-6701694-8456281,10,1699.00,Debit_Card,Completed,"2026-06-06 16:29:01",2026-06-08
467,502-1076994-7318334,20,1197.00,UPI,Completed,"2026-08-07 10:02:01",2026-08-08
468,502-7324275-2543069,30,8499.00,UPI,Completed,"2026-03-12 15:22:01",2026-03-13
469,502-7991274-5873719,16,1250.75,UPI,Completed,"2026-07-29 09:13:01",2026-07-31
470,503-3061678-8190834,13,487.15,Debit_Card,Completed,"2026-08-06 13:58:01",2026-08-09
471,504-3817643-2963806,7,1461.45,COD,Completed,"2026-08-23 08:00:01",2026-08-28
472,505-3329352-9477795,38,649.00,COD,Completed,"2026-07-03 18:18:01",2026-07-16
473,507-1438535-8982628,12,25998.00,Debit_Card,Completed,"2026-06-07 02:52:01",2026-06-11
474,507-4052725-4044986,27,4599.50,Wallet,Refunded,"2026-06-19 12:09:01",2026-06-21
475,509-5168870-9562045,15,7999.00,Debit_Card,Completed,"2026-07-30 00:44:01",2026-08-03
476,511-4989001-8599463,36,8697.00,COD,Refunded,"2026-08-26 10:40:01",2026-09-04
477,511-5587798-2591952,15,25497.00,Credit_Card,Completed,"2026-08-09 17:53:01",2026-08-11
478,511-7119775-1266101,5,1799.98,Wallet,Completed,"2026-06-13 03:25:01",2026-06-15
479,512-5174371-9491686,14,1298.00,Wallet,Completed,"2026-04-24 11:21:01",2026-04-25
480,512-6991951-9597622,32,32598.22,COD,Completed,"2026-04-06 15:00:01",2026-04-17
481,513-6580713-7510150,31,10998.00,Credit_Card,Completed,"2026-08-16 20:50:01",2026-08-18
482,514-7829492-4726688,32,1699.00,COD,Completed,"2026-08-07 14:37:01",2026-08-12
483,515-5681538-2956829,22,7999.00,Debit_Card,Completed,"2026-05-18 17:21:01",2026-05-20
484,517-4831604-7627854,17,649.00,Wallet,Completed,"2026-01-08 16:08:01",2026-01-10
485,519-1925780-2034101,11,7999.00,UPI,Completed,"2026-08-27 18:23:01",2026-08-29
486,519-4390684-5368344,12,97794.66,Debit_Card,Completed,"2026-07-08 05:56:01",2026-07-11
487,519-5955530-4183221,5,447.00,Wallet,Completed,"2026-01-02 11:55:01",2026-01-04
488,520-7793188-4358428,25,1198.00,COD,Completed,"2026-05-07 04:18:01",2026-05-18
489,520-8331212-7047286,37,135998.00,UPI,Completed,"2026-08-07 07:23:01",2026-08-09
490,521-3391504-9303102,33,1197.00,UPI,Completed,"2026-04-04 03:32:01",2026-04-06
491,521-5597359-2349125,9,16497.00,Wallet,Completed,"2026-08-15 16:07:01",2026-08-16
492,522-3244112-8540773,18,1751.00,Debit_Card,Completed,"2026-03-25 03:35:01",2026-03-28
493,522-3512903-9894019,5,135998.00,COD,Completed,"2026-03-31 03:36:01",2026-04-11
494,522-6080983-4740743,16,2626.50,Debit_Card,Completed,"2026-07-30 23:57:01",2026-08-03
495,522-6860166-8640129,12,8697.00,Wallet,Completed,"2026-07-29 23:57:01",2026-07-31
496,524-1557193-9047312,12,1699.00,UPI,Completed,"2026-08-13 07:25:01",2026-08-15
497,524-5487715-1709054,36,2501.50,Debit_Card,Completed,"2026-07-26 21:50:01",2026-07-29
498,524-6200441-5278290,26,38997.00,Debit_Card,Completed,"2026-03-06 18:15:01",2026-03-09
499,524-7817454-4340122,24,1947.00,UPI,Completed,"2025-12-30 20:00:01",2025-12-31
500,527-8137007-5860430,13,7999.00,Credit_Card,Refunded,"2026-04-01 01:07:01",2026-04-03
501,528-5534871-1818213,38,6597.00,Net_Banking,Completed,"2026-03-24 17:39:01",2026-03-26
502,528-8392202-7113357,38,5499.00,Debit_Card,Completed,"2026-02-24 12:07:01",2026-02-26
503,528-8608706-8198553,19,2899.00,COD,Completed,"2026-08-02 08:44:01",2026-08-07
504,529-6470024-6465194,9,8499.00,Credit_Card,Completed,"2026-08-29 04:35:01",2026-09-02
505,529-8248168-6359073,23,97794.66,Debit_Card,Completed,"2026-08-25 16:22:01",2026-08-28
506,530-4037112-3268275,10,899.99,UPI,Completed,"2026-03-12 21:49:01",2026-03-14
507,532-1273028-7400103,19,9869.97,Credit_Card,Completed,"2026-08-03 14:39:01",2026-08-07
508,532-7861795-4335973,23,3398.00,Debit_Card,Completed,"2026-05-22 07:52:01",2026-05-26
509,533-9308983-2532651,4,1198.00,Credit_Card,Completed,"2026-03-02 18:06:01",2026-03-05
510,534-6697626-7466669,28,399.00,UPI,Completed,"2026-04-18 01:17:01",2026-04-20
511,536-6234283-5090177,22,1250.75,UPI,Completed,"2026-08-17 20:56:01",2026-08-18
512,540-7872121-4131478,18,8499.00,Credit_Card,Completed,"2026-05-01 11:26:01",2026-05-04
513,541-2136910-2433927,17,5499.00,UPI,Completed,"2026-08-05 04:51:01",2026-08-06
514,543-2649746-4939120,26,599.00,Wallet,Completed,"2026-05-09 02:05:01",2026-05-11
515,546-4374039-4487900,33,2899.00,Debit_Card,Completed,"2026-08-09 07:27:01",2026-08-11
516,546-4930591-7267231,7,38997.00,Debit_Card,Completed,"2026-05-31 04:52:01",2026-06-03
517,546-9806940-4627399,4,9869.97,Net_Banking,Completed,"2026-01-04 06:03:01",2026-01-06
518,547-6088396-4015571,40,1198.00,COD,Completed,"2025-10-04 13:08:01",2025-10-11
519,548-2349150-3297947,34,13798.50,UPI,Completed,"2026-05-08 16:16:01",2026-05-09
520,549-3100030-7022685,26,25497.00,UPI,Completed,"2026-07-27 01:06:01",2026-07-28
521,550-4193167-3448588,12,1751.00,Debit_Card,Completed,"2026-08-01 17:46:01",2026-08-03
522,550-8502749-7013225,34,9869.97,Debit_Card,Completed,"2026-08-18 13:39:01",2026-08-22
523,552-1388691-7370349,17,5798.00,Debit_Card,Completed,"2026-07-08 12:27:01",2026-07-12
524,553-9858903-4689075,4,2501.50,Wallet,Completed,"2026-08-01 19:51:01",2026-08-03
525,554-3536967-9038950,25,6597.00,Credit_Card,Completed,"2026-06-22 19:06:01",2026-06-25
526,555-7217830-9409842,24,3289.99,Debit_Card,Completed,"2026-05-29 04:07:01",2026-06-01
527,556-2571734-4172351,10,487.15,UPI,Completed,"2026-08-16 12:17:01",2026-08-17
528,556-6644800-6541247,8,487.15,UPI,Completed,"2026-08-28 18:24:01",2026-08-29
529,558-2630246-4392897,14,135998.00,Debit_Card,Completed,"2026-07-10 05:40:01",2026-07-12
530,558-2742082-4943731,25,1699.00,UPI,Completed,"2026-08-15 08:42:01",2026-08-16
531,558-9061622-9538887,3,2199.00,UPI,Completed,"2026-01-31 06:07:01",2026-02-01
532,559-7665098-2539773,26,2626.50,Debit_Card,Completed,"2026-04-06 07:32:01",2026-04-10
533,560-4615646-5254823,7,4599.50,COD,Completed,"2026-07-22 17:49:01",2026-07-28
534,561-2665338-4474211,16,3398.00,UPI,Completed,"2026-08-10 09:43:01",2026-08-12
535,561-4501923-4657470,35,487.15,COD,Failed,"2026-05-28 16:21:01",NULL
536,561-5891748-2617871,11,1298.00,Credit_Card,Completed,"2026-05-14 06:24:01",2026-05-18
537,562-3649180-9378517,31,105786.08,COD,Completed,"2026-05-28 21:55:01",2026-06-06
538,562-6059768-3413045,27,2699.97,COD,Completed,"2026-08-19 17:27:01",2026-09-01
539,565-9207075-1070853,13,2699.97,COD,Refunded,"2026-05-05 23:27:01",2026-05-15
540,566-5339820-8705147,34,16497.00,UPI,Completed,"2026-07-28 07:38:01",2026-07-29
541,566-7747001-2744133,29,32598.22,UPI,Completed,"2026-07-09 10:21:01",2026-07-10
542,567-1738052-8667095,1,149.00,UPI,Completed,"2026-08-15 08:22:01",2026-08-16
543,567-2581918-3883606,3,6597.00,UPI,Completed,"2026-06-08 09:37:01",2026-06-09
544,567-8194057-4933433,32,16497.00,COD,Completed,"2026-04-09 12:35:01",2026-04-14
545,568-1831923-9105126,10,2199.00,Net_Banking,Refunded,"2026-01-30 20:29:01",2026-02-02
546,568-5479848-9347345,6,8697.00,COD,Completed,"2026-05-14 03:04:01",2026-05-25
547,568-7878622-3347560,1,1250.75,UPI,Completed,"2026-05-28 20:57:01",2026-05-29
548,570-4203388-2915227,40,1197.00,COD,Completed,"2026-03-07 12:40:01",2026-03-20
549,573-5559661-9602690,11,2199.00,Credit_Card,Completed,"2026-04-16 02:06:01",2026-04-18
550,573-7261447-9115038,17,2199.00,Wallet,Completed,"2026-07-05 18:28:01",2026-07-07
551,573-8654284-7069475,33,158679.12,Debit_Card,Completed,"2026-06-29 03:42:01",2026-07-03
552,574-7711845-2327967,21,105786.08,COD,Completed,"2026-02-20 23:27:01",2026-02-25
553,576-4696252-5181766,4,158679.12,UPI,Completed,"2025-10-28 11:39:01",2025-10-30
554,576-5188747-7659457,13,3752.25,COD,Completed,"2026-06-08 15:14:01",2026-06-14
555,576-9736452-3374479,17,8499.00,UPI,Completed,"2026-08-04 04:19:01",2026-08-05
556,577-6125814-3301049,23,52893.04,Net_Banking,Completed,"2026-08-14 16:38:01",2026-08-17
557,579-4933535-6275576,25,399.00,UPI,Completed,"2026-08-03 07:32:01",2026-08-05
558,579-6148127-3352033,24,3289.99,Credit_Card,Completed,"2026-07-31 22:21:01",2026-08-04
559,580-5491563-9048638,39,9869.97,Debit_Card,Completed,"2026-05-04 08:14:01",2026-05-07
560,582-7390632-9470041,24,52893.04,UPI,Completed,"2026-08-07 21:13:01",2026-08-08
561,585-6258708-3723755,31,599.00,UPI,Completed,"2026-06-24 23:48:01",2026-06-26
562,586-5873542-1783877,33,12999.00,UPI,Completed,"2026-05-29 07:54:01",2026-05-30
563,586-9033721-8580953,22,487.15,Net_Banking,Completed,"2026-08-19 22:05:01",2026-08-21
564,587-5425782-8490390,28,2899.00,Debit_Card,Completed,"2026-07-24 12:20:01",2026-07-27
565,588-3984438-1275250,7,875.50,UPI,Completed,"2026-08-29 00:41:01",2026-08-30
566,589-1511060-6881576,4,149.00,COD,Completed,"2026-08-11 14:02:01",2026-08-24
567,589-8350778-5068211,33,875.50,UPI,Completed,"2026-08-14 01:07:01",2026-08-15
568,590-8248891-4535292,22,135998.00,COD,Completed,"2026-08-26 17:25:01",2026-09-05
569,591-4081782-1672485,14,298.00,Credit_Card,Completed,"2026-04-23 21:13:01",2026-04-27
570,592-5087572-6676839,32,158679.12,Net_Banking,Completed,"2026-03-12 01:30:01",2026-03-14
571,592-8500319-5734540,6,52893.04,UPI,Completed,"2026-06-14 03:01:01",2026-06-15
572,593-2244948-1427331,33,7999.00,UPI,Completed,"2025-10-28 14:04:01",2025-10-29
573,593-4340956-2886234,38,65196.44,Net_Banking,Failed,"2026-04-24 14:55:01",NULL
574,594-6246429-3403550,24,1461.45,Wallet,Completed,"2026-08-04 05:02:01",2026-08-06
575,597-5043869-6305584,24,8499.00,UPI,Completed,"2026-08-24 20:23:01",2026-08-25
576,598-1019799-4157600,30,1751.00,COD,Completed,"2025-12-23 11:05:01",2025-12-31
577,598-2861974-4342976,10,52893.04,UPI,Completed,"2025-10-23 05:14:01",2025-10-25
578,598-9557843-1828064,25,12999.00,Credit_Card,Failed,"2026-07-11 14:19:01",NULL
579,602-3920276-9515155,31,8697.00,COD,Completed,"2026-08-19 22:44:01",2026-08-29
580,605-4453189-3101094,1,9199.00,UPI,Completed,"2026-08-25 17:29:01",2026-08-27
581,605-7575822-9699270,26,798.00,Debit_Card,Completed,"2026-08-05 14:52:01",2026-08-07
582,606-9363159-9628160,1,3289.99,UPI,Completed,"2026-08-19 01:09:01",2026-08-20
583,606-9704875-2322111,34,3398.00,Credit_Card,Completed,"2026-04-29 03:44:01",2026-05-02
584,607-9119063-8356198,16,899.99,Credit_Card,Completed,"2026-07-15 03:08:01",2026-07-17
585,610-5775316-9571097,7,7999.00,UPI,Completed,"2026-08-20 03:47:01",2026-08-22
586,610-9113799-8247480,13,9869.97,UPI,Completed,"2026-08-14 11:36:01",2026-08-16
587,611-1322484-5258231,11,599.00,UPI,Completed,"2026-06-07 22:29:01",2026-06-09
588,614-3384836-6488438,11,4398.00,Debit_Card,Refunded,"2026-07-07 16:21:01",2026-07-10
589,614-6268671-2899034,12,1797.00,UPI,Completed,"2026-08-17 18:54:01",2026-08-19
590,616-7905777-2027867,11,32598.22,UPI,Completed,"2026-08-24 05:25:01",2026-08-25
591,617-7393210-8441592,1,149.00,COD,Completed,"2026-03-13 18:30:01",2026-03-26
592,620-3236823-5562233,32,4398.00,UPI,Completed,"2026-07-21 04:14:01",2026-07-23
593,622-9204330-8335209,14,3752.25,Debit_Card,Completed,"2026-02-28 19:26:01",2026-03-04
594,623-9847748-2540761,37,32598.22,UPI,Completed,"2026-08-10 23:44:01",2026-08-11
595,624-2488205-1718748,37,2501.50,Net_Banking,Completed,"2026-04-22 01:52:01",2026-04-25
596,624-3467614-6590206,12,203997.00,COD,Completed,"2025-12-16 14:00:01",2025-12-25
597,624-9386767-9205950,31,52893.04,Debit_Card,Completed,"2026-07-21 04:23:01",2026-07-25
598,625-3478736-6641429,13,2626.50,UPI,Completed,"2026-05-31 23:26:01",2026-06-01
599,626-4945033-4927857,35,97794.66,Debit_Card,Completed,"2026-07-03 03:09:01",2026-07-05
600,627-2553004-1947724,1,1699.00,Credit_Card,Completed,"2026-02-13 09:32:01",2026-02-15
601,627-4086105-9592571,30,1198.00,Credit_Card,Completed,"2026-03-20 02:53:01",2026-03-23
602,628-3572170-7005055,20,13798.50,Debit_Card,Completed,"2026-05-15 20:55:01",2026-05-17
603,628-5021447-5256721,1,5097.00,Wallet,Completed,"2026-08-23 05:15:01",2026-08-25
604,628-6900638-5643534,25,447.00,UPI,Completed,"2026-07-22 04:28:01",2026-07-24
605,629-4891579-4564566,28,25497.00,COD,Completed,"2026-04-08 11:32:01",2026-04-18
606,631-7980024-1947357,8,1751.00,UPI,Completed,"2026-08-25 14:25:01",2026-08-27
607,632-9024202-7146771,30,2626.50,Credit_Card,Completed,"2026-08-24 02:33:01",2026-08-27
608,632-9268910-8374294,14,25497.00,UPI,Completed,"2026-06-14 18:57:01",2026-06-15
609,633-5654294-8259113,20,15998.00,UPI,Completed,"2026-08-25 04:31:01",2026-08-26
610,634-6634905-4153513,35,399.00,COD,Completed,"2026-04-05 02:22:01",2026-04-11
611,636-3824948-8032567,39,899.99,Credit_Card,Refunded,"2026-08-23 12:48:01",2026-08-27
612,636-9226748-8045749,7,298.00,Net_Banking,Failed,"2026-06-27 12:55:01",NULL
613,638-9027520-6975539,26,8499.00,Credit_Card,Refunded,"2026-08-13 03:45:01",2026-08-17
614,639-1268351-4155021,27,2501.50,COD,Completed,"2026-04-24 09:55:01",2026-04-29
615,640-1264470-4092951,26,487.15,UPI,Completed,"2026-07-08 08:47:01",2026-07-09
616,640-5824605-8917841,32,1197.00,Net_Banking,Completed,"2026-08-19 19:29:01",2026-08-22
617,641-2772566-2611802,13,23997.00,Debit_Card,Completed,"2026-08-07 10:30:01",2026-08-09
618,641-4670291-3109019,38,65196.44,Credit_Card,Completed,"2026-08-19 08:41:01",2026-08-21
619,644-3864796-7989985,38,1197.00,UPI,Completed,"2026-04-27 17:30:01",2026-04-29
620,644-4538636-2349100,23,6597.00,UPI,Completed,"2026-07-25 13:35:01",2026-07-27
621,644-5253608-5942520,14,7999.00,UPI,Completed,"2026-02-01 09:15:01",2026-02-03
622,645-2347564-9379410,9,25497.00,UPI,Completed,"2026-07-18 13:04:01",2026-07-20
623,645-2639780-1846028,37,399.00,Debit_Card,Completed,"2026-03-12 20:52:01",2026-03-15
624,646-1641906-5822811,19,1699.00,UPI,Completed,"2026-02-21 04:39:01",2026-02-23
625,646-2461341-9923094,19,4599.50,COD,Completed,"2026-06-28 18:58:01",2026-07-06
626,646-4243139-9824494,33,6579.98,Debit_Card,Completed,"2026-06-28 01:44:01",2026-07-01
627,646-7159317-6399905,38,5798.00,COD,Refunded,"2026-07-27 11:57:01",2026-08-05
628,647-3704793-7090571,20,4599.50,UPI,Completed,"2026-08-16 17:02:01",2026-08-17
629,647-8754620-5360191,34,1699.00,UPI,Completed,"2026-05-26 07:28:01",2026-05-28
630,648-2785988-2474105,9,16497.00,Credit_Card,Completed,"2026-04-28 03:45:01",2026-05-01
631,649-4049249-8762139,12,599.00,COD,Completed,"2026-08-15 05:26:01",2026-08-22
632,649-4974272-4395163,23,1751.00,Net_Banking,Completed,"2026-08-11 11:37:01",2026-08-13
633,650-2412265-9532749,11,447.00,Debit_Card,Completed,"2026-08-28 11:13:01",2026-08-30
634,650-8027965-1616099,40,12999.00,Debit_Card,Completed,"2026-07-06 09:46:01",2026-07-09
635,651-1328540-4087853,25,32598.22,Debit_Card,Completed,"2026-08-11 06:01:01",2026-08-15
636,652-3796983-7423013,26,97794.66,Debit_Card,Completed,"2026-06-05 01:07:01",2026-06-08
637,654-2558465-1171350,24,1947.00,Credit_Card,Completed,"2026-08-22 21:16:01",2026-08-24
638,655-3414392-5417779,26,12999.00,UPI,Completed,"2026-06-04 22:19:01",2026-06-05
639,656-1080087-2691379,37,32598.22,UPI,Completed,"2026-05-21 12:54:01",2026-05-22
640,656-3996175-8292221,3,649.00,UPI,Completed,"2026-05-18 12:50:01",2026-05-20
641,656-7945531-1033855,29,298.00,UPI,Completed,"2026-03-26 23:38:01",2026-03-27
642,658-1891347-6699970,35,4398.00,Debit_Card,Completed,"2026-07-19 12:34:01",2026-07-22
643,660-4138457-8872914,14,32598.22,UPI,Failed,"2026-05-18 08:41:01",NULL
644,661-1011456-2198641,27,2899.00,Wallet,Completed,"2026-07-26 21:46:01",2026-07-27
645,661-2865167-2468838,8,2699.97,COD,Completed,"2026-01-02 00:47:01",2026-01-14
646,661-7635261-8340627,35,599.00,UPI,Completed,"2026-03-28 16:53:01",2026-03-30
647,661-8081350-1553545,38,135998.00,UPI,Completed,"2025-11-28 08:57:01",2025-11-29
648,665-3747155-6761023,12,149.00,UPI,Completed,"2026-08-07 21:03:01",2026-08-08
649,666-4703490-2518663,25,298.00,UPI,Completed,"2026-08-10 14:49:01",2026-08-12
650,666-9068818-6342010,12,5499.00,Debit_Card,Completed,"2026-07-04 10:43:01",2026-07-07
651,667-1708280-5528444,12,1797.00,COD,Completed,"2026-08-28 21:01:01",2026-09-10
652,667-9093389-6446152,14,649.00,Debit_Card,Completed,"2026-07-13 05:50:01",2026-07-17
653,668-6650399-3204775,14,7999.00,UPI,Completed,"2026-06-11 11:26:01",2026-06-13
654,668-9127216-6595094,16,487.15,COD,Completed,"2026-07-13 18:58:01",2026-07-22
655,668-9437990-8148832,7,4398.00,Net_Banking,Failed,"2026-04-01 17:01:01",NULL
656,670-8041716-1087070,29,899.99,COD,Completed,"2026-08-27 14:51:01",2026-09-07
657,670-9832703-1041453,4,9199.00,COD,Completed,"2026-06-30 18:02:01",2026-07-10
658,672-9520067-8434705,12,15998.00,Debit_Card,Completed,"2026-08-22 08:08:01",2026-08-26
659,673-6286770-1219049,15,1699.00,UPI,Completed,"2026-08-15 00:53:01",2026-08-16
660,673-9321184-7396981,32,12999.00,UPI,Completed,"2026-07-22 20:23:01",2026-07-24
661,674-4948613-3516026,4,203997.00,Debit_Card,Refunded,"2026-06-14 04:38:01",2026-06-16
662,675-6434690-1919855,28,3289.99,COD,Completed,"2025-12-28 03:06:01",2026-01-03
663,678-5412596-5694230,6,1461.45,COD,Completed,"2026-06-04 12:41:01",2026-06-13
664,679-1267444-2961035,1,1197.00,COD,Completed,"2026-08-22 13:34:01",2026-09-03
665,679-2521974-9219899,3,67999.00,COD,Completed,"2026-04-29 01:56:01",2026-05-12
666,680-1219359-2686192,35,25998.00,UPI,Completed,"2026-02-02 15:14:01",2026-02-03
667,681-4207634-8596147,7,25497.00,COD,Completed,"2026-07-23 20:19:01",2026-07-29
668,683-8282405-1898245,3,105786.08,Net_Banking,Completed,"2026-06-27 06:37:01",2026-06-29
669,684-2625947-9599606,10,399.00,UPI,Completed,"2026-08-26 13:37:01",2026-08-28
670,685-7803406-8462599,36,2899.00,Credit_Card,Completed,"2026-02-03 17:52:01",2026-02-07
671,687-4497504-9863724,31,1298.00,UPI,Completed,"2026-08-19 06:43:01",2026-08-20
672,687-4779825-2263957,18,12999.00,Credit_Card,Completed,"2026-01-08 16:45:01",2026-01-11
673,687-7697174-7856710,24,203997.00,Debit_Card,Completed,"2026-03-26 06:19:01",2026-03-30
674,689-8220414-1427222,34,65196.44,UPI,Completed,"2026-07-15 06:22:01",2026-07-16
675,689-8479766-2715676,19,1699.00,UPI,Completed,"2026-07-30 06:19:01",2026-08-01
676,690-3993480-7264157,20,1197.00,COD,Completed,"2025-11-21 00:13:01",2025-12-01
677,690-5818306-7381466,38,67999.00,UPI,Completed,"2026-08-23 21:00:01",2026-08-25
678,690-9909725-9835623,38,1699.00,UPI,Completed,"2026-08-06 02:42:01",2026-08-07
679,691-4788784-2190238,16,203997.00,Net_Banking,Completed,"2026-08-21 00:17:01",2026-08-23
680,692-2864837-1554218,28,8499.00,Credit_Card,Completed,"2026-08-23 11:21:01",2026-08-27
681,692-7974322-9097728,7,6579.98,UPI,Completed,"2026-07-23 13:49:01",2026-07-25
682,695-7377273-6009067,27,10998.00,Debit_Card,Failed,"2026-07-31 06:22:01",NULL
683,697-5650674-6327672,17,3752.25,COD,Completed,"2025-12-22 05:20:01",2025-12-31
684,697-9383793-6997936,22,875.50,Debit_Card,Completed,"2026-07-31 08:09:01",2026-08-02
685,699-1767443-4860669,36,9869.97,UPI,Completed,"2026-08-11 10:59:01",2026-08-13
686,700-3652356-5257319,20,23997.00,COD,Completed,"2026-03-18 13:05:01",2026-03-25
687,700-5704721-6521462,20,875.50,UPI,Completed,"2026-05-03 20:57:01",2026-05-04
688,702-5088973-3363740,39,23997.00,UPI,Completed,"2025-12-07 16:28:01",2025-12-08
689,702-5807411-6956668,29,447.00,Debit_Card,Completed,"2026-06-14 21:29:01",2026-06-16
690,702-6772893-2783369,3,1699.00,COD,Completed,"2026-06-28 22:24:01",2026-07-10
691,703-4662385-1216816,36,2199.00,UPI,Completed,"2026-07-29 21:35:01",2026-07-31
692,703-5731273-6537246,20,2626.50,UPI,Completed,"2026-01-01 03:58:01",2026-01-02
693,704-7640444-7061855,7,38997.00,COD,Completed,"2026-08-20 18:59:01",2026-09-01
694,707-4906552-2307784,17,875.50,COD,Completed,"2026-07-21 03:58:01",2026-08-01
695,707-9158198-5569889,33,67999.00,UPI,Completed,"2026-07-08 15:02:01",2026-07-10
696,711-8572811-2521196,13,105786.08,Credit_Card,Completed,"2026-08-23 12:14:01",2026-08-26
697,712-2138250-6321564,24,487.15,COD,Refunded,"2026-04-13 17:49:01",2026-04-18
698,712-5124592-3239083,35,67999.00,UPI,Completed,"2026-08-01 10:39:01",2026-08-03
699,712-8055882-8912078,2,67999.00,Credit_Card,Completed,"2026-08-16 15:52:01",2026-08-19
700,713-1238832-1780111,15,447.00,Debit_Card,Completed,"2025-10-11 10:54:01",2025-10-14
701,713-1451369-2853885,36,12999.00,UPI,Completed,"2026-08-29 14:45:01",2026-08-30
702,714-1537389-3240889,3,67999.00,UPI,Completed,"2025-11-17 10:54:01",2025-11-18
703,715-1853240-4789193,33,649.00,UPI,Completed,"2026-07-16 23:18:01",2026-07-18
704,715-3714960-5115693,16,149.00,UPI,Completed,"2026-08-14 09:47:01",2026-08-16
705,717-6141511-8182531,12,7999.00,Net_Banking,Completed,"2026-04-17 09:36:01",2026-04-20
706,717-7079357-3864418,23,1198.00,COD,Completed,"2026-06-10 02:06:01",2026-06-17
707,718-6490742-9888403,5,67999.00,COD,Completed,"2026-08-16 22:00:01",2026-08-25
708,718-7281515-4866838,3,7999.00,Credit_Card,Completed,"2026-01-04 05:02:01",2026-01-06
709,720-9728503-8015987,40,5499.00,Credit_Card,Completed,"2026-08-24 22:29:01",2026-08-27
710,725-5677599-5619050,1,899.99,UPI,Completed,"2026-03-19 06:46:01",2026-03-20
711,725-6315125-8804894,23,8499.00,UPI,Completed,"2026-05-31 13:42:01",2026-06-01
712,725-7170854-4090886,27,1250.75,Credit_Card,Failed,"2026-08-27 05:01:01",NULL
713,726-1681270-3605350,9,8499.00,UPI,Completed,"2026-02-27 05:32:01",2026-02-28
714,726-4737810-9900541,28,447.00,Credit_Card,Completed,"2026-07-20 07:08:01",2026-07-23
715,726-6774924-2082972,28,97794.66,UPI,Completed,"2026-07-02 11:19:01",2026-07-03
716,729-1219900-1226390,3,9869.97,Debit_Card,Refunded,"2026-07-26 07:01:01",2026-07-29
717,730-5206422-3124002,32,3289.99,COD,Completed,"2026-05-18 06:53:01",2026-05-30
718,730-7665843-6400809,32,52893.04,UPI,Completed,"2026-07-10 22:21:01",2026-07-11
719,732-4777727-9922574,28,298.00,Credit_Card,Completed,"2025-12-14 04:04:01",2025-12-18
720,733-1188770-9943876,37,298.00,COD,Completed,"2026-07-11 18:15:01",2026-07-23
721,733-1233909-1171640,1,32598.22,Credit_Card,Completed,"2026-05-25 13:25:01",2026-05-29
722,733-4427505-8146399,34,12999.00,Credit_Card,Completed,"2026-08-10 06:41:01",2026-08-13
723,735-3258386-2226939,38,8499.00,COD,Completed,"2026-08-26 07:11:01",2026-09-04
724,735-6684120-1357463,13,2199.00,Net_Banking,Completed,"2026-06-03 15:57:01",2026-06-05
725,736-2727683-8548576,25,67999.00,UPI,Completed,"2026-06-15 14:42:01",2026-06-17
726,737-1902218-4387844,24,25998.00,Debit_Card,Completed,"2026-06-18 09:10:01",2026-06-22
727,737-6108097-7422295,35,3289.99,UPI,Completed,"2026-08-11 11:46:01",2026-08-13
728,741-1154483-9523101,28,135998.00,COD,Completed,"2026-05-14 16:09:01",2026-05-19
729,742-8793514-2707154,15,3289.99,Credit_Card,Completed,"2026-05-27 11:57:01",2026-05-29
730,743-5547397-4417780,16,12999.00,Credit_Card,Completed,"2026-07-14 17:16:01",2026-07-16
731,743-6752733-1457431,14,298.00,UPI,Completed,"2026-07-23 19:13:01",2026-07-25
732,744-1326221-1283481,2,974.30,Net_Banking,Completed,"2026-02-17 14:44:01",2026-02-19
733,744-4543949-8386192,37,487.15,COD,Completed,"2026-07-19 20:23:01",2026-07-29
734,744-6298022-8169448,9,875.50,UPI,Completed,"2026-08-19 05:58:01",2026-08-20
735,745-1174321-9508931,27,149.00,Credit_Card,Completed,"2026-08-17 06:24:01",2026-08-21
736,745-4715017-9201344,13,1797.00,Wallet,Completed,"2026-08-22 06:55:01",2026-08-24
737,745-7448869-4873523,1,5097.00,Net_Banking,Completed,"2026-06-03 18:23:01",2026-06-05
738,745-8361405-9437728,10,9199.00,UPI,Completed,"2026-07-06 13:50:01",2026-07-07
739,747-3547171-3307920,18,9199.00,Credit_Card,Completed,"2026-08-24 03:23:01",2026-08-27
740,748-3557569-3325610,18,4398.00,COD,Completed,"2026-08-03 07:35:01",2026-08-09
741,749-4170213-6362027,37,1947.00,UPI,Completed,"2026-07-21 18:34:01",2026-07-23
742,750-4036626-5669856,24,13798.50,Wallet,Completed,"2026-08-24 20:31:01",2026-08-26
743,750-7178040-3371110,11,899.99,COD,Completed,"2026-08-12 02:08:01",2026-08-18
744,751-1707889-2993631,35,1751.00,Debit_Card,Completed,"2026-08-06 13:19:01",2026-08-09
745,752-2115107-4996941,34,2899.00,UPI,Completed,"2026-06-19 18:16:01",2026-06-20
746,752-6171411-7279030,31,5097.00,Credit_Card,Completed,"2026-02-26 05:17:01",2026-02-28
747,753-9564854-6206749,2,899.99,UPI,Refunded,"2026-06-13 06:39:01",2026-06-15
748,754-6369312-8225024,9,1699.00,COD,Completed,"2026-05-23 06:49:01",2026-05-30
749,754-8816573-2436596,8,2699.97,Debit_Card,Completed,"2026-06-14 15:53:01",2026-06-18
750,755-1032067-8483791,6,8499.00,Wallet,Completed,"2026-08-26 08:56:01",2026-08-27
751,755-4183737-6244336,35,149.00,UPI,Completed,"2026-05-27 17:55:01",2026-05-29
752,755-5664708-4652932,19,3289.99,UPI,Completed,"2026-07-19 16:08:01",2026-07-21
753,756-1314916-9893158,34,8499.00,UPI,Completed,"2026-08-19 10:11:01",2026-08-21
754,757-7936304-6961575,40,97794.66,COD,Completed,"2026-08-13 17:48:01",2026-08-22
755,760-2834661-8344110,19,1797.00,COD,Completed,"2026-08-16 10:57:01",2026-08-22
756,760-8918289-2767849,14,974.30,UPI,Completed,"2026-07-20 15:20:01",2026-07-22
757,761-4930529-9802632,24,15998.00,UPI,Failed,"2026-05-10 17:59:01",NULL
758,762-2105436-4656659,27,52893.04,UPI,Completed,"2026-08-06 09:58:01",2026-08-08
759,762-2225387-5242879,38,798.00,COD,Completed,"2026-08-27 12:11:01",2026-09-06
760,762-4719087-8726327,3,2626.50,Net_Banking,Completed,"2026-05-09 09:00:01",2026-05-12
761,762-7812377-6181550,25,399.00,Credit_Card,Completed,"2026-04-08 09:09:01",2026-04-11
762,763-1244068-9323176,22,2899.00,Debit_Card,Completed,"2026-06-21 11:11:01",2026-06-25
763,763-3451777-2349014,38,8499.00,Debit_Card,Completed,"2026-04-18 01:25:01",2026-04-21
764,763-5065202-1412018,35,16998.00,Debit_Card,Completed,"2026-04-24 23:41:01",2026-04-27
765,763-9365416-4932276,16,1751.00,Debit_Card,Completed,"2026-04-08 16:32:01",2026-04-10
766,764-6251620-7308854,31,875.50,UPI,Completed,"2026-05-10 03:39:01",2026-05-11
767,765-1816813-3124611,37,1298.00,UPI,Completed,"2026-07-30 05:09:01",2026-07-31
768,765-3425648-2154220,34,12999.00,COD,Completed,"2026-08-25 14:40:01",2026-09-07
769,768-2826383-8085656,14,2501.50,UPI,Completed,"2026-07-21 01:52:01",2026-07-23
770,768-5212436-2013285,7,899.99,UPI,Completed,"2026-02-06 11:30:01",2026-02-07
771,768-9723763-6578074,8,52893.04,Debit_Card,Completed,"2026-07-18 02:28:01",2026-07-22
772,771-4178428-5756141,24,399.00,Credit_Card,Completed,"2026-04-15 09:59:01",2026-04-17
773,772-4890098-9280835,13,38997.00,Net_Banking,Failed,"2026-08-29 02:12:01",NULL
774,773-4517057-7386784,16,25998.00,UPI,Completed,"2026-03-30 00:04:01",2026-04-01
775,774-2711645-7335033,38,5499.00,COD,Completed,"2026-04-26 08:52:01",2026-05-03
776,775-3266213-1065306,12,4599.50,Wallet,Completed,"2026-06-30 07:41:01",2026-07-02
777,778-4116535-5218191,13,487.15,UPI,Completed,"2026-08-29 18:28:01",2026-08-30
778,779-2669983-6958551,31,12999.00,Debit_Card,Completed,"2026-03-01 16:45:01",2026-03-03
779,779-8747078-1359642,25,7999.00,UPI,Completed,"2026-08-28 01:30:01",2026-08-29
780,779-9871426-6981681,15,1298.00,Credit_Card,Completed,"2026-05-29 01:55:01",2026-06-01
781,779-9880696-7006147,16,1797.00,COD,Completed,"2026-01-29 22:50:01",2026-02-09
782,781-2786583-7478326,1,1198.00,Debit_Card,Completed,"2026-05-30 18:17:01",2026-06-01
783,782-5417296-2606355,17,135998.00,Credit_Card,Completed,"2026-07-21 14:19:01",2026-07-25
784,782-5779549-4436663,13,2199.00,Debit_Card,Completed,"2026-04-16 23:57:01",2026-04-20
785,784-6522537-8064987,4,105786.08,COD,Completed,"2026-07-13 21:02:01",2026-07-18
786,785-2123229-4047030,13,203997.00,UPI,Completed,"2025-12-31 20:04:01",2026-01-02
787,787-9916746-6962758,14,1699.00,Debit_Card,Failed,"2026-06-01 13:52:01",NULL
788,788-1944766-3082686,34,149.00,COD,Completed,"2026-04-24 14:01:01",2026-04-30
789,788-2486409-5778289,7,8499.00,COD,Completed,"2026-08-08 02:44:01",2026-08-18
790,788-5461365-2656489,18,5499.00,Debit_Card,Completed,"2026-08-29 06:05:01",2026-08-31
791,790-1515429-9847616,30,38997.00,UPI,Completed,"2025-12-17 09:14:01",2025-12-18
792,790-6913276-9865122,39,649.00,UPI,Completed,"2026-05-21 08:58:01",2026-05-22
793,791-5364783-2064361,6,1197.00,COD,Completed,"2026-08-24 20:06:01",2026-09-05
794,791-8753395-1014962,17,487.15,Net_Banking,Completed,"2026-07-09 20:28:01",2026-07-11
795,793-5328526-1831609,1,649.00,Debit_Card,Completed,"2026-04-19 10:09:01",2026-04-23
796,793-6921194-9790120,37,5499.00,Credit_Card,Completed,"2025-12-28 03:29:01",2026-01-01
797,793-9849097-6438301,3,447.00,Credit_Card,Completed,"2026-08-08 04:56:01",2026-08-11
798,798-5469537-2392166,12,7999.00,COD,Completed,"2026-01-02 10:34:01",2026-01-09
799,799-1576696-9896627,31,12999.00,UPI,Completed,"2026-08-27 01:33:01",2026-08-29
800,799-2215309-4096354,13,298.00,UPI,Completed,"2026-06-22 07:49:01",2026-06-24
801,799-5538464-2713078,18,5499.00,Debit_Card,Failed,"2026-08-16 20:50:01",NULL
802,799-8218067-7098217,40,599.00,UPI,Completed,"2026-05-24 01:22:01",2026-05-25
803,800-3083256-8410318,17,10998.00,Credit_Card,Completed,"2026-07-28 13:47:01",2026-08-01
804,801-5837252-4128196,6,67999.00,UPI,Completed,"2026-05-29 09:36:01",2026-05-31
805,801-7186959-1902361,18,599.00,Debit_Card,Completed,"2026-07-30 04:29:01",2026-08-01
806,802-4712895-7483172,15,2626.50,UPI,Completed,"2026-08-17 19:25:01",2026-08-19
807,802-5072555-9298911,11,899.99,Credit_Card,Completed,"2026-07-16 22:14:01",2026-07-19
808,802-8660168-9236896,1,9199.00,Debit_Card,Completed,"2026-05-02 20:12:01",2026-05-05
809,802-9167363-2765287,11,1699.00,UPI,Completed,"2026-03-25 22:14:01",2026-03-27
810,803-2771754-6746671,25,52893.04,UPI,Completed,"2026-08-25 16:45:01",2026-08-27
811,803-9967286-6720200,8,32598.22,Wallet,Completed,"2026-08-02 07:39:01",2026-08-03
812,804-8406174-7881612,15,2699.97,Credit_Card,Completed,"2026-08-27 05:50:01",2026-08-29
813,805-5144310-9562788,16,32598.22,UPI,Completed,"2026-03-21 00:05:01",2026-03-23
814,806-5401720-1815975,40,1751.00,UPI,Completed,"2026-05-03 11:35:01",2026-05-04
815,807-1113070-7336120,20,1250.75,Wallet,Completed,"2026-06-05 14:45:01",2026-06-07
816,808-7114224-1314540,6,203997.00,UPI,Completed,"2026-01-10 03:08:01",2026-01-12
817,810-6834407-8844813,17,899.99,UPI,Completed,"2026-02-27 15:53:01",2026-02-28
818,811-6178090-5546626,32,899.99,Debit_Card,Completed,"2026-07-19 20:18:01",2026-07-21
819,812-8189638-6586804,29,875.50,UPI,Completed,"2026-08-02 17:14:01",2026-08-03
820,813-4807322-7622831,17,1298.00,COD,Completed,"2026-08-20 16:10:01",2026-08-25
821,813-7411528-2656242,32,4599.50,Debit_Card,Refunded,"2026-06-23 13:48:01",2026-06-25
822,815-3420205-9638021,40,52893.04,Net_Banking,Completed,"2026-06-05 05:22:01",2026-06-08
823,815-5248082-9766202,19,399.00,COD,Completed,"2026-07-22 16:31:01",2026-07-27
824,816-9350374-3263124,19,5499.00,Debit_Card,Completed,"2026-08-09 08:57:01",2026-08-11
825,818-1733842-1109925,33,97794.66,COD,Completed,"2026-04-26 18:56:01",2026-05-08
826,819-4148557-4145765,28,2199.00,Debit_Card,Completed,"2026-06-05 23:00:01",2026-06-09
827,820-6619265-7476050,29,899.99,COD,Completed,"2026-07-17 04:29:01",2026-07-30
828,822-6732567-7995397,40,149.00,UPI,Completed,"2026-06-30 15:04:01",2026-07-01
829,823-4264197-4604204,37,4599.50,UPI,Completed,"2026-04-27 01:11:01",2026-04-28
830,826-5553818-1977862,2,649.00,UPI,Completed,"2026-07-27 13:29:01",2026-07-29
831,826-6175592-5084703,22,13798.50,Net_Banking,Completed,"2026-07-12 01:38:01",2026-07-14
832,826-9550270-3969495,32,65196.44,Debit_Card,Completed,"2026-08-29 06:06:01",2026-09-01
833,828-7935296-4816250,33,12999.00,COD,Completed,"2026-01-12 07:36:01",2026-01-25
834,831-6199704-5055379,21,16998.00,Debit_Card,Completed,"2026-07-23 20:39:01",2026-07-27
835,831-6378487-5951440,39,487.15,Debit_Card,Completed,"2026-08-25 18:38:01",2026-08-28
836,831-9528661-3694794,27,4599.50,Debit_Card,Completed,"2026-07-26 17:59:01",2026-07-29
837,832-3827706-2177710,29,9869.97,Credit_Card,Completed,"2025-11-18 16:34:01",2025-11-22
838,832-5936911-3723151,35,4398.00,Credit_Card,Completed,"2026-06-20 16:32:01",2026-06-24
839,834-1903651-1486687,39,2626.50,UPI,Completed,"2026-03-04 08:35:01",2026-03-05
840,834-3292928-8427979,15,399.00,Credit_Card,Completed,"2025-09-23 17:06:01",2025-09-26
841,835-2113162-2490957,19,12999.00,UPI,Completed,"2026-04-03 06:17:01",2026-04-05
842,835-3038703-7136727,30,5499.00,UPI,Completed,"2026-08-15 01:37:01",2026-08-17
843,837-9611735-3948515,31,1797.00,COD,Completed,"2026-07-03 23:04:01",2026-07-15
844,843-4086769-3138665,7,52893.04,UPI,Completed,"2026-06-26 03:16:01",2026-06-28
845,846-6586944-6553749,9,3752.25,COD,Completed,"2026-06-26 07:03:01",2026-07-08
846,848-1504708-8054322,31,6597.00,Debit_Card,Completed,"2026-03-29 00:53:01",2026-04-01
847,848-4072578-2918712,2,203997.00,COD,Completed,"2026-05-16 21:00:01",2026-05-24
848,849-6212220-4562597,10,32598.22,Wallet,Completed,"2026-08-02 21:21:01",2026-08-03
849,850-3647741-9738410,39,2899.00,Credit_Card,Completed,"2026-06-06 05:21:01",2026-06-08
850,850-6457365-5770331,34,67999.00,Debit_Card,Completed,"2025-11-04 11:20:01",2025-11-07
851,854-9489230-2820012,8,1197.00,Debit_Card,Completed,"2026-03-06 15:43:01",2026-03-10
852,854-9652657-3626894,24,97794.66,COD,Completed,"2026-08-22 14:51:01",2026-09-02
853,855-3193963-7311969,32,12999.00,Net_Banking,Completed,"2026-07-30 16:58:01",2026-08-02
854,855-9094558-9820431,9,158679.12,UPI,Completed,"2026-06-30 16:01:01",2026-07-02
855,857-3746727-1021142,4,899.99,Wallet,Completed,"2026-01-04 08:41:01",2026-01-06
856,859-5233442-8384781,28,7999.00,COD,Completed,"2026-02-19 12:05:01",2026-03-04
857,863-6281107-4500810,8,12999.00,UPI,Refunded,"2026-02-19 06:46:01",2026-02-21
858,864-6347654-4789889,13,4599.50,COD,Refunded,"2026-08-07 02:15:01",2026-08-14
859,865-4322930-3664559,15,7999.00,UPI,Completed,"2026-08-16 03:25:01",2026-08-18
860,866-6485089-5429497,26,1751.00,Credit_Card,Completed,"2026-05-31 12:31:01",2026-06-02
861,867-4286193-3399312,10,4599.50,Credit_Card,Completed,"2026-06-25 19:07:01",2026-06-28
862,868-4797856-5948295,20,25998.00,UPI,Completed,"2026-02-13 03:03:01",2026-02-14
863,869-5726040-1552523,30,2699.97,COD,Completed,"2026-05-01 11:05:01",2026-05-10
864,869-8483047-6316133,19,149.00,Net_Banking,Completed,"2026-05-28 13:51:01",2026-05-30
865,872-7142630-8532175,6,3289.99,Credit_Card,Completed,"2026-04-06 12:55:01",2026-04-10
866,872-8612743-6888457,30,1699.00,UPI,Completed,"2026-04-26 02:02:01",2026-04-27
867,873-4080243-2209800,26,1947.00,UPI,Completed,"2026-05-18 20:49:01",2026-05-19
868,874-3239120-6953704,23,1947.00,Net_Banking,Completed,"2026-08-26 16:08:01",2026-08-28
869,874-4237406-2953050,1,13798.50,Net_Banking,Completed,"2026-07-12 15:34:01",2026-07-15
870,876-6648538-5937533,35,2626.50,Credit_Card,Completed,"2026-05-31 21:33:01",2026-06-02
871,877-4844965-5912939,18,5499.00,COD,Completed,"2026-05-18 11:55:01",2026-05-27
872,877-9047955-8923313,29,7999.00,UPI,Completed,"2026-08-10 05:32:01",2026-08-12
873,877-9350374-1413062,18,105786.08,Debit_Card,Completed,"2026-07-18 02:06:01",2026-07-20
874,877-9535284-2361311,37,487.15,UPI,Completed,"2026-05-01 15:43:01",2026-05-02
875,878-2908142-5179250,28,32598.22,Wallet,Completed,"2026-08-05 15:07:01",2026-08-06
876,878-3084447-6057330,5,1797.00,UPI,Completed,"2025-12-30 04:00:01",2026-01-01
877,878-7498335-1145496,37,447.00,Credit_Card,Completed,"2026-03-27 16:41:01",2026-03-29
878,879-4327391-3247852,6,8697.00,UPI,Completed,"2025-12-02 10:31:01",2025-12-03
879,881-1545292-7289785,13,2699.97,Wallet,Completed,"2026-04-14 04:24:01",2026-04-15
880,882-1210586-5580631,19,649.00,UPI,Completed,"2026-08-18 22:46:01",2026-08-19
881,882-9465759-1839444,26,2899.00,COD,Completed,"2026-08-05 23:43:01",2026-08-16
882,885-5002927-6446913,28,16497.00,COD,Completed,"2026-04-26 21:27:01",2026-05-01
883,885-9618086-2534706,40,13798.50,UPI,Failed,"2026-07-03 07:59:01",NULL
884,886-4505098-3926064,19,1197.00,Credit_Card,Completed,"2026-04-27 22:34:01",2026-04-30
885,886-8803665-7423179,39,2626.50,Net_Banking,Failed,"2026-07-07 04:04:01",NULL
886,889-9597061-2288001,34,1298.00,Wallet,Refunded,"2026-06-04 14:03:01",2026-06-05
887,890-1131144-4938968,6,2199.00,COD,Completed,"2026-04-25 07:14:01",2026-05-03
888,891-4125068-1879396,18,8697.00,UPI,Completed,"2026-08-28 04:21:01",2026-08-30
889,892-3877587-9608004,33,25497.00,COD,Completed,"2026-08-28 18:39:01",2026-09-02
890,893-1786219-8115768,28,158679.12,UPI,Completed,"2026-07-02 12:04:01",2026-07-04
891,893-3502162-7707835,36,8499.00,Credit_Card,Completed,"2026-04-15 09:48:01",2026-04-17
892,893-3889933-9650999,34,798.00,Credit_Card,Completed,"2026-03-09 21:18:01",2026-03-12
893,896-3106130-5629088,35,649.00,COD,Completed,"2026-08-03 06:15:01",2026-08-14
894,897-1558959-6856173,3,4599.50,COD,Completed,"2026-08-29 00:57:01",2026-09-10
895,897-7347028-8820333,10,149.00,Credit_Card,Completed,"2026-04-04 23:36:01",2026-04-06
896,899-2808950-4072518,5,899.99,Wallet,Completed,"2026-08-01 15:36:01",2026-08-03
897,901-8043550-3176968,35,67999.00,COD,Completed,"2026-04-07 05:02:01",2026-04-12
898,901-8600621-5954691,9,6597.00,COD,Completed,"2026-04-30 17:17:01",2026-05-06
899,902-7386030-8862099,10,67999.00,UPI,Completed,"2026-08-10 16:48:01",2026-08-12
900,903-4702350-4398989,27,1461.45,UPI,Completed,"2026-06-14 18:07:01",2026-06-16
901,903-5821844-1016795,17,97794.66,COD,Completed,"2026-08-06 10:39:01",2026-08-15
902,903-9469249-1253793,13,447.00,UPI,Completed,"2026-04-27 19:56:01",2026-04-29
903,903-9483538-1298525,14,67999.00,UPI,Completed,"2025-12-07 13:50:01",2025-12-08
904,904-5573270-8736732,31,1250.75,COD,Completed,"2026-04-19 16:37:01",2026-04-29
905,904-6326547-3505490,25,16998.00,Credit_Card,Completed,"2026-07-08 11:19:01",2026-07-12
906,907-1492727-6229905,30,7999.00,Net_Banking,Completed,"2026-08-16 04:06:01",2026-08-18
907,907-8839145-6977019,29,149.00,Debit_Card,Refunded,"2026-08-15 10:01:01",2026-08-18
908,908-6833522-5899816,32,3752.25,Wallet,Completed,"2025-10-30 04:13:01",2025-11-01
909,908-8054168-3006534,31,1461.45,Debit_Card,Completed,"2026-02-13 19:55:01",2026-02-15
910,909-6845005-5928413,32,798.00,Credit_Card,Completed,"2025-11-10 20:39:01",2025-11-13
911,912-6657482-4925909,12,3289.99,UPI,Completed,"2026-07-20 09:00:01",2026-07-21
912,913-1375814-5471693,15,798.00,COD,Completed,"2026-08-03 14:09:01",2026-08-15
913,914-1788954-7512478,15,5499.00,Debit_Card,Completed,"2025-09-12 18:17:01",2025-09-16
914,916-1281197-4920379,4,974.30,UPI,Completed,"2026-07-30 23:21:01",2026-07-31
915,916-7130349-7153724,16,1298.00,UPI,Completed,"2026-05-02 04:32:01",2026-05-04
916,917-5073865-5847419,14,52893.04,Debit_Card,Completed,"2026-07-04 21:54:01",2026-07-08
917,917-7564756-9296659,17,1197.00,UPI,Completed,"2026-08-03 21:40:01",2026-08-04
918,918-5998714-1444873,24,38997.00,UPI,Completed,"2026-03-12 00:13:01",2026-03-13
919,918-8071409-2807523,26,5499.00,COD,Completed,"2026-07-29 09:52:01",2026-08-09
920,919-4604469-3422958,6,8697.00,COD,Completed,"2026-04-05 15:01:01",2026-04-15
921,919-7360355-8216011,36,32598.22,UPI,Completed,"2026-08-29 07:10:01",2026-08-31
922,920-2506092-1904920,1,1699.00,Wallet,Completed,"2026-05-21 21:58:01",2026-05-22
923,922-2312762-9892015,21,447.00,Net_Banking,Completed,"2026-03-08 19:12:01",2026-03-11
924,923-9805327-2320752,32,67999.00,Wallet,Completed,"2026-07-05 05:09:01",2026-07-06
925,927-6063302-1492529,24,38997.00,Credit_Card,Completed,"2026-08-28 18:45:01",2026-08-31
926,928-1580336-6039372,25,4599.50,Wallet,Completed,"2026-06-07 21:01:01",2026-06-09
927,928-2898376-3651501,34,399.00,Debit_Card,Failed,"2026-05-24 08:40:01",NULL
928,928-8529099-4788363,24,5097.00,Credit_Card,Completed,"2026-05-22 03:29:01",2026-05-26
929,930-2793773-3057928,22,97794.66,COD,Completed,"2026-01-09 11:50:01",2026-01-19
930,930-6216015-2170865,37,6579.98,UPI,Completed,"2026-08-18 15:18:01",2026-08-20
931,930-6683114-4487448,2,105786.08,UPI,Completed,"2026-07-24 08:58:01",2026-07-26
932,932-6616671-4096778,34,8499.00,Net_Banking,Completed,"2025-12-02 02:51:01",2025-12-04
933,933-5324829-6617274,28,298.00,COD,Completed,"2026-05-19 09:08:01",2026-05-28
934,933-9294687-8455525,16,2199.00,UPI,Completed,"2026-08-23 13:52:01",2026-08-24
935,934-1690919-6422701,32,1461.45,Debit_Card,Completed,"2026-07-11 05:21:01",2026-07-13
936,936-1747561-6631219,36,149.00,UPI,Completed,"2026-08-04 00:32:01",2026-08-05
937,936-4988837-4841531,33,3398.00,COD,Completed,"2026-07-20 11:08:01",2026-07-28
938,936-9590243-9855433,3,1197.00,UPI,Completed,"2026-06-03 00:28:01",2026-06-04
939,937-7816742-9971590,29,135998.00,Debit_Card,Completed,"2026-07-30 20:11:01",2026-08-01
940,937-9690160-1330572,12,1197.00,COD,Completed,"2025-12-02 19:28:01",2025-12-09
941,938-1693786-6325152,30,599.00,UPI,Completed,"2026-08-20 22:50:01",2026-08-22
942,938-4140169-9545309,29,875.50,Credit_Card,Completed,"2025-10-15 13:30:01",2025-10-19
943,938-8092328-2302604,15,9199.00,UPI,Completed,"2026-03-03 12:42:01",2026-03-05
944,939-1767877-6646632,36,298.00,Credit_Card,Completed,"2026-07-02 21:52:01",2026-07-04
945,940-7361518-7587805,22,298.00,Debit_Card,Completed,"2025-09-25 13:33:01",2025-09-27
946,941-5935629-9434771,2,4599.50,UPI,Completed,"2026-08-25 23:12:01",2026-08-27
947,941-8167289-2590975,20,5798.00,UPI,Completed,"2026-04-30 21:00:01",2026-05-01
948,943-6021640-9803909,9,3289.99,UPI,Refunded,"2026-08-28 18:50:01",2026-08-29
949,945-3321063-5232802,24,1799.98,Debit_Card,Completed,"2026-05-24 18:39:01",2026-05-26
950,945-4247562-9877454,34,2501.50,UPI,Completed,"2026-06-29 03:00:01",2026-07-01
951,948-9405326-8585239,17,149.00,COD,Completed,"2026-06-10 07:35:01",2026-06-19
952,949-3890863-7980493,37,25497.00,Wallet,Completed,"2026-01-05 00:39:01",2026-01-07
953,949-4862482-3831546,12,899.99,UPI,Completed,"2026-08-11 04:02:01",2026-08-12
954,949-4917467-4111126,17,52893.04,UPI,Completed,"2026-07-22 04:28:01",2026-07-23
955,949-8357685-3301140,34,9199.00,Wallet,Completed,"2026-02-19 00:18:01",2026-02-21
956,950-5696637-7953304,12,6579.98,UPI,Completed,"2026-07-18 06:27:01",2026-07-20
957,951-1711428-6019512,23,158679.12,Wallet,Completed,"2026-04-24 11:54:01",2026-04-26
958,952-7763843-9230397,13,649.00,Credit_Card,Completed,"2026-05-11 10:58:01",2026-05-15
959,953-4813448-3460606,4,875.50,COD,Completed,"2026-08-23 13:08:01",2026-09-03
960,954-7313723-6946963,8,32598.22,Net_Banking,Completed,"2026-08-06 19:12:01",2026-08-08
961,955-1844974-6554541,33,6579.98,UPI,Completed,"2026-08-24 15:54:01",2026-08-25
962,955-2398078-9315064,7,15998.00,UPI,Completed,"2026-05-22 06:36:01",2026-05-24
963,956-9328739-7955663,4,974.30,UPI,Completed,"2026-05-27 03:31:01",2026-05-29
964,958-7134071-5907038,28,12999.00,COD,Completed,"2026-06-03 09:50:01",2026-06-14
965,961-1338906-3854311,19,2199.00,UPI,Completed,"2025-09-15 19:43:01",2025-09-16
966,961-4247240-9385081,24,52893.04,UPI,Completed,"2026-08-26 05:57:01",2026-08-28
967,964-9282890-7484101,34,65196.44,COD,Completed,"2026-05-16 01:17:01",2026-05-26
968,965-3936830-7705449,30,899.99,Debit_Card,Completed,"2026-01-03 10:37:01",2026-01-05
969,966-6793030-3982137,30,5499.00,Debit_Card,Completed,"2026-08-19 01:09:01",2026-08-21
970,968-8631104-4109987,8,1198.00,UPI,Completed,"2026-02-11 18:58:01",2026-02-12
971,973-3270571-4151019,40,8697.00,COD,Completed,"2026-06-21 09:46:01",2026-06-30
972,973-5447822-6035123,13,1797.00,COD,Completed,"2026-05-29 09:14:01",2026-06-08
973,973-5805228-7824879,8,875.50,Credit_Card,Completed,"2026-02-19 01:31:01",2026-02-23
974,974-1501195-4260183,26,487.15,Debit_Card,Completed,"2026-08-07 13:06:01",2026-08-11
975,975-5207550-4783065,28,16998.00,UPI,Completed,"2026-07-17 22:59:01",2026-07-19
976,976-5894663-8169493,15,13798.50,COD,Completed,"2026-01-25 13:42:01",2026-02-04
977,976-8028140-9830766,23,1198.00,UPI,Completed,"2026-02-09 07:40:01",2026-02-10
978,977-1968520-6526327,30,1797.00,UPI,Completed,"2026-05-07 21:03:01",2026-05-09
979,977-8377296-2551076,17,1799.98,COD,Completed,"2026-03-07 15:32:01",2026-03-18
980,979-3477731-5015254,17,875.50,UPI,Completed,"2026-08-28 17:40:01",2026-08-29
981,979-7266987-5961980,27,2626.50,Debit_Card,Completed,"2026-08-16 04:16:01",2026-08-19
982,979-8810426-4671085,18,15998.00,COD,Completed,"2026-08-14 21:13:01",2026-08-22
983,980-6869426-3945719,28,2199.00,Debit_Card,Completed,"2026-08-29 11:37:01",2026-08-31
984,981-1052401-1814558,18,2899.00,UPI,Completed,"2026-08-10 02:39:01",2026-08-12
985,981-5605903-6593393,23,7999.00,COD,Completed,"2026-05-14 09:06:01",2026-05-20
986,982-2751591-1269533,23,5097.00,Credit_Card,Completed,"2025-12-13 14:11:01",2025-12-16
987,983-9274493-6855215,20,298.00,Net_Banking,Completed,"2026-08-09 07:02:01",2026-08-12
988,984-2134072-7132991,2,487.15,UPI,Completed,"2026-01-29 13:26:01",2026-01-31
989,985-6175385-9321867,36,5097.00,Debit_Card,Completed,"2026-06-03 15:01:01",2026-06-06
990,986-9005606-5420536,32,899.99,Credit_Card,Completed,"2026-08-25 17:36:01",2026-08-27
991,987-9927956-1014204,2,3289.99,UPI,Completed,"2026-02-08 13:13:01",2026-02-10
992,989-8689799-3750982,39,2899.00,UPI,Completed,"2026-05-12 07:57:01",2026-05-13
993,991-1037371-1427088,9,23997.00,COD,Completed,"2026-07-26 07:35:01",2026-08-02
994,992-2742919-9925357,16,2899.00,Credit_Card,Completed,"2026-05-02 02:26:01",2026-05-05
995,993-6793545-3149984,11,203997.00,Wallet,Completed,"2026-07-08 13:11:01",2026-07-09
996,994-8265232-1491101,35,158679.12,Net_Banking,Completed,"2026-07-09 19:22:01",2026-07-12
997,996-1755549-4878302,37,8499.00,COD,Refunded,"2026-07-12 16:10:01",2026-07-23
998,996-5193917-4086055,13,135998.00,Credit_Card,Refunded,"2026-05-06 11:11:01",2026-05-08
999,997-5220670-4183241,15,5097.00,COD,Completed,"2026-08-29 08:47:01",2026-09-08
1000,999-9869570-9374027,28,875.50,Wallet,Completed,"2026-05-28 22:32:01",2026-05-30
